workerid,utterance,assignmentid,worktimeinseconds,source_model_name,source_object_class,source_dataset,target_model_name,target_object_class,target_dataset,is_patched,target_uid,source_uid,hard_context,target_original_object_class,source_original_object_class,saliency,tokens,tokens_len,utterance_spelled,target_unary_split,source_unary_split,listening_split,changeit_split,tokens_encoded
user_1644,It does not have arms.,3BF51CHDTX3L0ZWQ3UIDWRNOAQOH01,33,ub5d972a1-de16-4d0a-aa40-85cd3a69aa8a,chair,ShapeNet,part_3_removed_ub5d972a1-de16-4d0a-aa40-85cd3a69aa8a,chair,ShapeNet,FALSE,segmented_chair/part_3_removed/part_3_removed_ub5d972a1-de16-4d0a-aa40-85cd3a69aa8a,chair/ShapeNet/ub5d972a1-de16-4d0a-aa40-85cd3a69aa8a,FALSE,chair,chair,0,"['it', 'does', 'not', 'have', 'arms']",5,it does not have arms,train,test,train,test,"[1, 23, 39, 40, 84, 2232, 2, 0, 0, 0, 0, 0, 0, 0, 0, 0, 0, 0]"
user_428,There are no armrests.,33UKMF931BDCLHKC1QNCULSHISTTT6,157,ff793ca32407b2022a54a8462d1ffe9d,chair,ShapeNet,part_3_removed_ff793ca32407b2022a54a8462d1ffe9d,chair,ShapeNet,FALSE,segmented_chair/part_3_removed/part_3_removed_ff793ca32407b2022a54a8462d1ffe9d,chair/ShapeNet/ff793ca32407b2022a54a8462d1ffe9d,FALSE,chair,chair,4,"['there', 'are', 'no', 'armrests']",4,there are no armrests,train,test,train,test,"[1, 15, 16, 123, 2271, 2, 0, 0, 0, 0, 0, 0, 0, 0, 0, 0, 0, 0]"
user_1347,There are no arms,33OOO72IVJEVZ0I1F4SM5BSDU8ECTV,60,fd2c754ca43457107d910d51d878f708,chair,ShapeNet,part_3_removed_fd2c754ca43457107d910d51d878f708,chair,ShapeNet,FALSE,segmented_chair/part_3_removed/part_3_removed_fd2c754ca43457107d910d51d878f708,chair/ShapeNet/fd2c754ca43457107d910d51d878f708,TRUE,chair,chair,3,"['there', 'are', 'no', 'arms']",4,there are no arms,train,test,train,test,"[1, 15, 16, 123, 2232, 2, 0, 0, 0, 0, 0, 0, 0, 0, 0, 0, 0, 0]"
user_591,There are no armrests,37FMASSAYEKMGHAK7SXNGKKM17YIBF,288,fcfb3a50acf5e83ecc0484ea4f50062,chair,ShapeNet,part_3_removed_fcfb3a50acf5e83ecc0484ea4f50062,chair,ShapeNet,FALSE,segmented_chair/part_3_removed/part_3_removed_fcfb3a50acf5e83ecc0484ea4f50062,chair/ShapeNet/fcfb3a50acf5e83ecc0484ea4f50062,TRUE,chair,chair,2,"['there', 'are', 'no', 'armrests']",4,there are no armrests,train,test,train,test,"[1, 15, 16, 123, 2271, 2, 0, 0, 0, 0, 0, 0, 0, 0, 0, 0, 0, 0]"
user_655,The chair does not have arms,37W3JXSD6810UKN061FMPMRV1PWWYT,164,fcd8163b26250f499fe49e672436bc45,chair,ShapeNet,part_3_removed_fcd8163b26250f499fe49e672436bc45,chair,ShapeNet,FALSE,segmented_chair/part_3_removed/part_3_removed_fcd8163b26250f499fe49e672436bc45,chair/ShapeNet/fcd8163b26250f499fe49e672436bc45,TRUE,chair,chair,1,"['the', 'chair', 'does', 'not', 'have', 'arms']",6,the chair does not have arms,train,test,train,test,"[1, 10, 2251, 39, 40, 84, 2232, 2, 0, 0, 0, 0, 0, 0, 0, 0, 0, 0]"
user_203,It does not have arms.,3C44YUNSI3I7C0V8YJEDK79YQ5VDPH,108,fc2a1c4c332f7731e45ef4135c266a12,chair,ShapeNet,part_3_removed_fc2a1c4c332f7731e45ef4135c266a12,chair,ShapeNet,FALSE,segmented_chair/part_3_removed/part_3_removed_fc2a1c4c332f7731e45ef4135c266a12,chair/ShapeNet/fc2a1c4c332f7731e45ef4135c266a12,FALSE,chair,chair,4,"['it', 'does', 'not', 'have', 'arms']",5,it does not have arms,train,test,train,test,"[1, 23, 39, 40, 84, 2232, 2, 0, 0, 0, 0, 0, 0, 0, 0, 0, 0, 0]"
user_571,It does not have arms,34QN5IT0T1KS7OVX0QO7JEUP7ZP08G,81,fad907934656c52ba1abaa6eee3840a6,chair,ShapeNet,part_3_removed_fad907934656c52ba1abaa6eee3840a6,chair,ShapeNet,FALSE,segmented_chair/part_3_removed/part_3_removed_fad907934656c52ba1abaa6eee3840a6,chair/ShapeNet/fad907934656c52ba1abaa6eee3840a6,TRUE,chair,chair,4,"['it', 'does', 'not', 'have', 'arms']",5,it does not have arms,train,test,train,test,"[1, 23, 39, 40, 84, 2232, 2, 0, 0, 0, 0, 0, 0, 0, 0, 0, 0, 0]"
user_688,there are no arm rests,3FTYUGLFSWE3JQDPE45ZM14HZ9KD5T,47,fad907934656c52ba1abaa6eee3840a6,chair,ShapeNet,part_3_removed_fad907934656c52ba1abaa6eee3840a6,chair,ShapeNet,FALSE,segmented_chair/part_3_removed/part_3_removed_fad907934656c52ba1abaa6eee3840a6,chair/ShapeNet/fad907934656c52ba1abaa6eee3840a6,TRUE,chair,chair,2,"['there', 'are', 'no', 'arm', 'rests']",5,there are no arm rests,train,test,train,test,"[1, 15, 16, 123, 517, 540, 2, 0, 0, 0, 0, 0, 0, 0, 0, 0, 0, 0]"
user_952,It does NOT have a shade shaped like a cone.,3B3WTRP3DDVZH3HLK5YZ2YIE8BI92N,60,ec782fd2f4825158f24dd57a3f1f3b51,lamp,ShapeNet,part_1_removed_ec782fd2f4825158f24dd57a3f1f3b51,lamp,ShapeNet,FALSE,segmented_lamp/part_1_removed/part_1_removed_ec782fd2f4825158f24dd57a3f1f3b51,lamp/ShapeNet/ec782fd2f4825158f24dd57a3f1f3b51,FALSE,lamp,lamp,1,"['it', 'does', 'not', 'have', 'a', 'shade', 'shaped', 'like', 'a', 'cone']",10,it does not have a shade shaped like a cone,train,test,train,test,"[1, 23, 39, 40, 84, 26, 1873, 14, 35, 26, 143, 2, 0, 0, 0, 0, 0, 0]"
user_2039,The target does not have a base.,3L4PIM1GQV9VMO6E775G2NJDT9TRYD,136,ec782fd2f4825158f24dd57a3f1f3b51,lamp,ShapeNet,part_0_removed_ec782fd2f4825158f24dd57a3f1f3b51,lamp,ShapeNet,FALSE,segmented_lamp/part_0_removed/part_0_removed_ec782fd2f4825158f24dd57a3f1f3b51,lamp/ShapeNet/ec782fd2f4825158f24dd57a3f1f3b51,TRUE,lamp,lamp,2,"['the', 'target', 'does', 'not', 'have', 'a', 'base']",7,the target does not have a base,train,test,train,test,"[1, 10, 11, 39, 40, 84, 26, 103, 2, 0, 0, 0, 0, 0, 0, 0, 0, 0]"
user_251,There are no arm rests,32M8BPYGAVFI7YIVNEP1HVBJHMQIG0,45,eb7c250519101dc22f21cf17406f1f25,chair,ShapeNet,part_3_removed_eb7c250519101dc22f21cf17406f1f25,chair,ShapeNet,FALSE,segmented_chair/part_3_removed/part_3_removed_eb7c250519101dc22f21cf17406f1f25,chair/ShapeNet/eb7c250519101dc22f21cf17406f1f25,FALSE,chair,chair,4,"['there', 'are', 'no', 'arm', 'rests']",5,there are no arm rests,train,test,train,test,"[1, 15, 16, 123, 517, 540, 2, 0, 0, 0, 0, 0, 0, 0, 0, 0, 0, 0]"
user_948,It does not have arms,3C6FJU71TSMN2GYVB10L7Y6YGA2UYB,103,eb32fa1ae8069d0998e0d1738edd4f19,chair,ShapeNet,part_3_removed_eb32fa1ae8069d0998e0d1738edd4f19,chair,ShapeNet,FALSE,segmented_chair/part_3_removed/part_3_removed_eb32fa1ae8069d0998e0d1738edd4f19,chair/ShapeNet/eb32fa1ae8069d0998e0d1738edd4f19,FALSE,chair,chair,1,"['it', 'does', 'not', 'have', 'arms']",5,it does not have arms,train,test,train,test,"[1, 23, 39, 40, 84, 2232, 2, 0, 0, 0, 0, 0, 0, 0, 0, 0, 0, 0]"
user_948,It does not have legs,3C6FJU71TSMN2GYVB10L7Y6YGA2UYB,103,eb32fa1ae8069d0998e0d1738edd4f19,chair,ShapeNet,part_2_removed_eb32fa1ae8069d0998e0d1738edd4f19,chair,ShapeNet,FALSE,segmented_chair/part_2_removed/part_2_removed_eb32fa1ae8069d0998e0d1738edd4f19,chair/ShapeNet/eb32fa1ae8069d0998e0d1738edd4f19,FALSE,chair,chair,4,"['it', 'does', 'not', 'have', 'legs']",5,it does not have legs,train,test,train,test,"[1, 23, 39, 40, 84, 547, 2, 0, 0, 0, 0, 0, 0, 0, 0, 0, 0, 0]"
user_1347,There are no arms,3SBEHTYCWPWITP3VHKB7OVINMFFIYR,55,eb29a065b495dffc85528d560ddea455,chair,ShapeNet,part_3_removed_eb29a065b495dffc85528d560ddea455,chair,ShapeNet,FALSE,segmented_chair/part_3_removed/part_3_removed_eb29a065b495dffc85528d560ddea455,chair/ShapeNet/eb29a065b495dffc85528d560ddea455,FALSE,chair,chair,0,"['there', 'are', 'no', 'arms']",4,there are no arms,test,test,test,test,"[1, 15, 16, 123, 2232, 2, 0, 0, 0, 0, 0, 0, 0, 0, 0, 0, 0, 0]"
user_688,there are no arm rests,3SUWZRL0M064U0R3FIQOKP02VFDE6I,40,ea91d70feb603421f74aae127b28c047,chair,ShapeNet,part_3_removed_ea91d70feb603421f74aae127b28c047,chair,ShapeNet,FALSE,segmented_chair/part_3_removed/part_3_removed_ea91d70feb603421f74aae127b28c047,chair/ShapeNet/ea91d70feb603421f74aae127b28c047,FALSE,chair,chair,4,"['there', 'are', 'no', 'arm', 'rests']",5,there are no arm rests,test,test,test,test,"[1, 15, 16, 123, 517, 540, 2, 0, 0, 0, 0, 0, 0, 0, 0, 0, 0, 0]"
user_203,It does not have arms.,3LUY3GC631TRVRUY76BRKFZ24VWP76,212,e79b6815925c07acb0957d845ac33749,chair,ShapeNet,part_3_removed_e79b6815925c07acb0957d845ac33749,chair,ShapeNet,FALSE,segmented_chair/part_3_removed/part_3_removed_e79b6815925c07acb0957d845ac33749,chair/ShapeNet/e79b6815925c07acb0957d845ac33749,TRUE,chair,chair,1,"['it', 'does', 'not', 'have', 'arms']",5,it does not have arms,train,test,train,test,"[1, 23, 39, 40, 84, 2232, 2, 0, 0, 0, 0, 0, 0, 0, 0, 0, 0, 0]"
user_505,Target does not have legs in the conventional sense,3RWE2M8QWJ3DAVI16SDQ1BKKWXWN05,44,e79b6815925c07acb0957d845ac33749,chair,ShapeNet,part_2_removed_e79b6815925c07acb0957d845ac33749,chair,ShapeNet,FALSE,segmented_chair/part_2_removed/part_2_removed_e79b6815925c07acb0957d845ac33749,chair/ShapeNet/e79b6815925c07acb0957d845ac33749,FALSE,chair,chair,2,"['target', 'does', 'not', 'have', 'legs', 'in', 'the', 'conventional', 'sense']",9,target does not have legs in the conventional sense,train,test,train,test,"[1, 11, 39, 40, 84, 547, 90, 10, 1314, 3, 2, 0, 0, 0, 0, 0, 0, 0]"
user_1200,This chair does not have legs.,32SCWG5HIJX8RRGTOW6ZE1Z69DSP69,69,e76b4872f067395988dc0b76b0c63f53,chair,ShapeNet,part_2_removed_e76b4872f067395988dc0b76b0c63f53,chair,ShapeNet,FALSE,segmented_chair/part_2_removed/part_2_removed_e76b4872f067395988dc0b76b0c63f53,chair/ShapeNet/e76b4872f067395988dc0b76b0c63f53,FALSE,chair,chair,2,"['this', 'chair', 'does', 'not', 'have', 'legs']",6,this chair does not have legs,train,test,train,test,"[1, 301, 2251, 39, 40, 84, 547, 2, 0, 0, 0, 0, 0, 0, 0, 0, 0, 0]"
user_923,It does not have legs,32VNZTT0A9XFOHSUI0H9MYF7E9F4RA,131,e5ea39e2b4c28ea2a8df8437731d97b4,chair,ShapeNet,part_2_removed_e5ea39e2b4c28ea2a8df8437731d97b4,chair,ModelNet,FALSE,segmented_chair/part_2_removed/part_2_removed_e5ea39e2b4c28ea2a8df8437731d97b4,chair/ShapeNet/e5ea39e2b4c28ea2a8df8437731d97b4,FALSE,chair,chair,1,"['it', 'does', 'not', 'have', 'legs']",5,it does not have legs,train,test,train,test,"[1, 23, 39, 40, 84, 547, 2, 0, 0, 0, 0, 0, 0, 0, 0, 0, 0, 0]"
user_2105,target does not have arms,38JBBYETQQ3QFDNPWUX9NRGOZN7E4V,64,e193b0d75fa674142b3e9b6eb52d35df,chair,ShapeNet,part_3_removed_e193b0d75fa674142b3e9b6eb52d35df,chair,ShapeNet,FALSE,segmented_chair/part_3_removed/part_3_removed_e193b0d75fa674142b3e9b6eb52d35df,chair/ShapeNet/e193b0d75fa674142b3e9b6eb52d35df,FALSE,chair,chair,0,"['target', 'does', 'not', 'have', 'arms']",5,target does not have arms,train,test,train,test,"[1, 11, 39, 40, 84, 2232, 2, 0, 0, 0, 0, 0, 0, 0, 0, 0, 0, 0]"
user_1161,The target does not have arms,34MAJL3QP6GN5F7S7AGD40CR8V943G,110,dc182335876fbebbe6fe3612af521500,chair,ShapeNet,part_3_removed_dc182335876fbebbe6fe3612af521500,chair,ShapeNet,FALSE,segmented_chair/part_3_removed/part_3_removed_dc182335876fbebbe6fe3612af521500,chair/ShapeNet/dc182335876fbebbe6fe3612af521500,FALSE,chair,chair,4,"['the', 'target', 'does', 'not', 'have', 'arms']",6,the target does not have arms,train,test,train,test,"[1, 10, 11, 39, 40, 84, 2232, 2, 0, 0, 0, 0, 0, 0, 0, 0, 0, 0]"
user_203,It does not have a body with curves.,3TAYZSBPLN1HMIDKTBYQJTN401Q2SE,171,d87a2d766579f15e38b27a25d1336579,lamp,ShapeNet,part_3_removed_d87a2d766579f15e38b27a25d1336579,lamp,ShapeNet,FALSE,segmented_lamp/part_3_removed/part_3_removed_d87a2d766579f15e38b27a25d1336579,lamp/ShapeNet/d87a2d766579f15e38b27a25d1336579,FALSE,lamp,lamp,2,"['it', 'does', 'not', 'have', 'a', 'body', 'with', 'curves']",8,it does not have a body with curves,train,test,train,test,"[1, 23, 39, 40, 84, 26, 45, 121, 156, 2, 0, 0, 0, 0, 0, 0, 0, 0]"
user_203,It does not have arms.,3NL0RFNU0HGT1DFZSG8CLMTTJD94KX,121,d5d4dfb9e6901b66a3f22b4b00de6dfb,chair,ShapeNet,part_3_removed_d5d4dfb9e6901b66a3f22b4b00de6dfb,chair,ShapeNet,FALSE,segmented_chair/part_3_removed/part_3_removed_d5d4dfb9e6901b66a3f22b4b00de6dfb,chair/ShapeNet/d5d4dfb9e6901b66a3f22b4b00de6dfb,FALSE,chair,chair,0,"['it', 'does', 'not', 'have', 'arms']",5,it does not have arms,train,test,train,test,"[1, 23, 39, 40, 84, 2232, 2, 0, 0, 0, 0, 0, 0, 0, 0, 0, 0, 0]"
user_203,It does not have a shade.,3U5JL4WY5M2ZLDE6RZN1BG1UZP54XR,77,d385523f0cd93d48d6084fb53091249,lamp,ShapeNet,part_1_removed_d385523f0cd93d48d6084fb53091249,lamp,ShapeNet,FALSE,segmented_lamp/part_1_removed/part_1_removed_d385523f0cd93d48d6084fb53091249,lamp/ShapeNet/d385523f0cd93d48d6084fb53091249,TRUE,lamp,lamp,1,"['it', 'does', 'not', 'have', 'a', 'shade']",6,it does not have a shade,train,test,train,test,"[1, 23, 39, 40, 84, 26, 1873, 2, 0, 0, 0, 0, 0, 0, 0, 0, 0, 0]"
user_505,Target has no arms,3BV8HQ2ZZYU14NARZDO2O6ABAWUA6Q,44,chair_0930,chair,ModelNet,part_3_removed_chair_0930,chair,ShapeNet,FALSE,segmented_chair/part_3_removed/part_3_removed_chair_0930,chair/ModelNet/chair_0930,FALSE,chair,chair,4,"['target', 'has', 'no', 'arms']",4,target has no arms,train,test,train,test,"[1, 11, 24, 123, 2232, 2, 0, 0, 0, 0, 0, 0, 0, 0, 0, 0, 0, 0]"
user_2120,There is no armrest.,3KOPY89HMAVD8XQDAH3HA21AQO73J6,78,chair_0863,chair,ModelNet,part_3_removed_chair_0863,chair,ShapeNet,FALSE,segmented_chair/part_3_removed/part_3_removed_chair_0863,chair/ModelNet/chair_0863,TRUE,chair,chair,3,"['there', 'is', 'no', 'armrest']",4,there is no armrest,train,test,train,test,"[1, 15, 7, 123, 2296, 2, 0, 0, 0, 0, 0, 0, 0, 0, 0, 0, 0, 0]"
user_456,The target's legs have no feet.,3DY4FPOOA3HEIUB92WIWVOFKRUGVRJ,119,chair_0851,chair,ModelNet,part_2_removed_chair_0851,chair,ShapeNet,FALSE,segmented_chair/part_2_removed/part_2_removed_chair_0851,chair/ModelNet/chair_0851,TRUE,chair,chair,0,"['the', 'target', ""'s"", 'legs', 'have', 'no', 'feet']",7,the target 's legs have no feet,test,test,test,test,"[1, 10, 11, 12, 547, 84, 123, 200, 2, 0, 0, 0, 0, 0, 0, 0, 0, 0]"
user_428,There are no armrests.,3NVC2EB65SS33MLCWH4KKPGY3XCY31,154,chair_0746,chair,ModelNet,part_3_removed_chair_0746,chair,ShapeNet,FALSE,segmented_chair/part_3_removed/part_3_removed_chair_0746,chair/ModelNet/chair_0746,FALSE,chair,chair,2,"['there', 'are', 'no', 'armrests']",4,there are no armrests,train,test,train,test,"[1, 15, 16, 123, 2271, 2, 0, 0, 0, 0, 0, 0, 0, 0, 0, 0, 0, 0]"
user_2026,It does not have arms,3X4JMASXCO2B9MT4328HAGKQFA9B0Z,177,chair_0710,chair,ModelNet,part_3_removed_chair_0710,chair,ShapeNet,FALSE,segmented_chair/part_3_removed/part_3_removed_chair_0710,chair/ModelNet/chair_0710,TRUE,chair,chair,0,"['it', 'does', 'not', 'have', 'arms']",5,it does not have arms,val,test,val,test,"[1, 23, 39, 40, 84, 2232, 2, 0, 0, 0, 0, 0, 0, 0, 0, 0, 0, 0]"
user_1633,The target has no arm rests.,3SNLUL3WO6G32HRWSMBVDQ427NDLU9,67,chair_0491,chair,ModelNet,part_3_removed_chair_0491,chair,ShapeNet,FALSE,segmented_chair/part_3_removed/part_3_removed_chair_0491,chair/ModelNet/chair_0491,FALSE,chair,chair,2,"['the', 'target', 'has', 'no', 'arm', 'rests']",6,the target has no arm rests,train,test,train,test,"[1, 10, 11, 24, 123, 517, 540, 2, 0, 0, 0, 0, 0, 0, 0, 0, 0, 0]"
user_2105,target has no arms,3Z4XG4ZF4AK04E1832DESSH0HFFX8V,67,cd9e22cfd389e5d9d330ae3d046a415c,chair,ShapeNet,part_3_removed_cd9e22cfd389e5d9d330ae3d046a415c,chair,ModelNet,FALSE,segmented_chair/part_3_removed/part_3_removed_cd9e22cfd389e5d9d330ae3d046a415c,chair/ShapeNet/cd9e22cfd389e5d9d330ae3d046a415c,TRUE,chair,chair,2,"['target', 'has', 'no', 'arms']",4,target has no arms,train,test,train,test,"[1, 11, 24, 123, 2232, 2, 0, 0, 0, 0, 0, 0, 0, 0, 0, 0, 0, 0]"
user_959,The shade does not have a base,39OWYR0EPMKYJY15GC5MLY5VW9FFYN,50,c9a464649fb52e99d5cb6d178687b980,lamp,ShapeNet,part_0_removed_c9a464649fb52e99d5cb6d178687b980,lamp,ShapeNet,FALSE,segmented_lamp/part_0_removed/part_0_removed_c9a464649fb52e99d5cb6d178687b980,lamp/ShapeNet/c9a464649fb52e99d5cb6d178687b980,FALSE,lamp,lamp,3,"['the', 'shade', 'does', 'not', 'have', 'a', 'base']",7,the shade does not have a base,test,test,test,test,"[1, 10, 1873, 39, 40, 84, 26, 103, 2, 0, 0, 0, 0, 0, 0, 0, 0, 0]"
user_1159,there is no seat cushion,3X4JMASXCO2B9MT4328HAGKPZYOB08,168,c8860d4563be0f34f2b7580a739cd4d5,chair,ShapeNet,part_1_removed_c8860d4563be0f34f2b7580a739cd4d5,chair,ShapeNet,TRUE,segmented_chair/part_1_removed/part_1_removed_c8860d4563be0f34f2b7580a739cd4d5,chair/ShapeNet/c8860d4563be0f34f2b7580a739cd4d5,FALSE,chair,chair,2,"['there', 'is', 'no', 'seat', 'cushion']",5,there is no seat cushion,test,test,test,test,"[1, 15, 7, 123, 2255, 2256, 2, 0, 0, 0, 0, 0, 0, 0, 0, 0, 0, 0]"
user_1577,Has no armrests,33JKGHPFYENAD9P8VX0OZ8RXZ10MNK,121,c472a815afff5ff0e6c5cd45aa112726,chair,ShapeNet,part_3_removed_c472a815afff5ff0e6c5cd45aa112726,chair,ShapeNet,FALSE,segmented_chair/part_3_removed/part_3_removed_c472a815afff5ff0e6c5cd45aa112726,chair/ShapeNet/c472a815afff5ff0e6c5cd45aa112726,TRUE,chair,chair,4,"['has', 'no', 'armrests']",3,has no armrests,train,test,train,test,"[1, 24, 123, 2271, 2, 0, 0, 0, 0, 0, 0, 0, 0, 0, 0, 0, 0, 0]"
user_883,There are no armrests.,30LB5CDZNE37RKWK9GOKWYRT6CRZ0N,105,c46eb7460be602b6bf80985a99195eb8,chair,ShapeNet,part_3_removed_c46eb7460be602b6bf80985a99195eb8,chair,ShapeNet,FALSE,segmented_chair/part_3_removed/part_3_removed_c46eb7460be602b6bf80985a99195eb8,chair/ShapeNet/c46eb7460be602b6bf80985a99195eb8,TRUE,chair,chair,2,"['there', 'are', 'no', 'armrests']",4,there are no armrests,train,test,train,test,"[1, 15, 16, 123, 2271, 2, 0, 0, 0, 0, 0, 0, 0, 0, 0, 0, 0, 0]"
user_591,There are no armrests,3KGTPGBS6ZEX1V5OIGTQYU5T1PEU2P,1519,c15a1da769c1ffc5be1649add3e36e21,chair,ShapeNet,part_3_removed_c15a1da769c1ffc5be1649add3e36e21,chair,ShapeNet,FALSE,segmented_chair/part_3_removed/part_3_removed_c15a1da769c1ffc5be1649add3e36e21,chair/ShapeNet/c15a1da769c1ffc5be1649add3e36e21,FALSE,chair,chair,4,"['there', 'are', 'no', 'armrests']",4,there are no armrests,val,test,val,test,"[1, 15, 16, 123, 2271, 2, 0, 0, 0, 0, 0, 0, 0, 0, 0, 0, 0, 0]"
user_251,There are no arm rests,3X4JMASXCO2B9MT4328HAGKQFGVB0X,60,c0fa1417c0cf2f20593ebeeedbff73b,chair,ShapeNet,part_3_removed_c0fa1417c0cf2f20593ebeeedbff73b,chair,ShapeNet,FALSE,segmented_chair/part_3_removed/part_3_removed_c0fa1417c0cf2f20593ebeeedbff73b,chair/ShapeNet/c0fa1417c0cf2f20593ebeeedbff73b,FALSE,chair,chair,2,"['there', 'are', 'no', 'arm', 'rests']",5,there are no arm rests,train,test,train,test,"[1, 15, 16, 123, 517, 540, 2, 0, 0, 0, 0, 0, 0, 0, 0, 0, 0, 0]"
user_688,there are no arm rests,3R6BYFZZP959JTBVBGJK2KYM4L8FXE,109,bdedbb7887d2c1ac6a45b3b48c00378,chair,ShapeNet,part_3_removed_bdedbb7887d2c1ac6a45b3b48c00378,chair,ShapeNet,FALSE,segmented_chair/part_3_removed/part_3_removed_bdedbb7887d2c1ac6a45b3b48c00378,chair/ShapeNet/bdedbb7887d2c1ac6a45b3b48c00378,TRUE,chair,chair,2,"['there', 'are', 'no', 'arm', 'rests']",5,there are no arm rests,train,test,train,test,"[1, 15, 16, 123, 517, 540, 2, 0, 0, 0, 0, 0, 0, 0, 0, 0, 0, 0]"
user_688,there are no arm rests,39U1BHVTDNK7M0MIMBHLC8OJOYZ3TS,46,bbf89164385610221587835cde687661,chair,ShapeNet,part_3_removed_bbf89164385610221587835cde687661,chair,ShapeNet,FALSE,segmented_chair/part_3_removed/part_3_removed_bbf89164385610221587835cde687661,chair/ShapeNet/bbf89164385610221587835cde687661,FALSE,chair,chair,3,"['there', 'are', 'no', 'arm', 'rests']",5,there are no arm rests,train,test,train,test,"[1, 15, 16, 123, 517, 540, 2, 0, 0, 0, 0, 0, 0, 0, 0, 0, 0, 0]"
user_1961,The target does not have a base.,308Q0PEVBA63SOVN98JRPEPVX4GI92,123,bb53a3c6ac9cbd386fa63795f94c4d8c,lamp,ShapeNet,part_0_removed_bb53a3c6ac9cbd386fa63795f94c4d8c,lamp,ShapeNet,FALSE,segmented_lamp/part_0_removed/part_0_removed_bb53a3c6ac9cbd386fa63795f94c4d8c,lamp/ShapeNet/bb53a3c6ac9cbd386fa63795f94c4d8c,FALSE,lamp,lamp,0,"['the', 'target', 'does', 'not', 'have', 'a', 'base']",7,the target does not have a base,train,test,train,test,"[1, 10, 11, 39, 40, 84, 26, 103, 2, 0, 0, 0, 0, 0, 0, 0, 0, 0]"
user_2152,It does not have a base.,3M23Y66PO4054JWLGDAT964GG15S6O,53,bb53a3c6ac9cbd386fa63795f94c4d8c,lamp,ShapeNet,part_0_removed_bb53a3c6ac9cbd386fa63795f94c4d8c,lamp,ShapeNet,FALSE,segmented_lamp/part_0_removed/part_0_removed_bb53a3c6ac9cbd386fa63795f94c4d8c,lamp/ShapeNet/bb53a3c6ac9cbd386fa63795f94c4d8c,FALSE,lamp,lamp,2,"['it', 'does', 'not', 'have', 'a', 'base']",6,it does not have a base,train,test,train,test,"[1, 23, 39, 40, 84, 26, 103, 2, 0, 0, 0, 0, 0, 0, 0, 0, 0, 0]"
user_239,target has no arms,3PB5A5BD0XZLIE1Z4NL4Q6LA33ZG7H,55,ba2f3a0d2e90025bb3234e0da44b11e4,chair,ShapeNet,part_3_removed_ba2f3a0d2e90025bb3234e0da44b11e4,chair,ShapeNet,FALSE,segmented_chair/part_3_removed/part_3_removed_ba2f3a0d2e90025bb3234e0da44b11e4,chair/ShapeNet/ba2f3a0d2e90025bb3234e0da44b11e4,FALSE,chair,chair,3,"['target', 'has', 'no', 'arms']",4,target has no arms,train,test,train,test,"[1, 11, 24, 123, 2232, 2, 0, 0, 0, 0, 0, 0, 0, 0, 0, 0, 0, 0]"
user_230,The target does not have a base.,3R8YZBNQ9JBCV3VD7JQGKKPBTO4Q7W,117,b8c6a482bc4d5da6fcb8d8c6d4df8143,lamp,ShapeNet,part_0_removed_b8c6a482bc4d5da6fcb8d8c6d4df8143,lamp,ShapeNet,FALSE,segmented_lamp/part_0_removed/part_0_removed_b8c6a482bc4d5da6fcb8d8c6d4df8143,lamp/ShapeNet/b8c6a482bc4d5da6fcb8d8c6d4df8143,FALSE,lamp,lamp,0,"['the', 'target', 'does', 'not', 'have', 'a', 'base']",7,the target does not have a base,val,test,val,test,"[1, 10, 11, 39, 40, 84, 26, 103, 2, 0, 0, 0, 0, 0, 0, 0, 0, 0]"
user_442,It does NOT have arms,32XVDSJFP1QEON0F9E247KOZO0K2M8,111,b5706706df77157627d4fc401a34f3de,chair,ShapeNet,part_3_removed_b5706706df77157627d4fc401a34f3de,chair,ShapeNet,FALSE,segmented_chair/part_3_removed/part_3_removed_b5706706df77157627d4fc401a34f3de,chair/ShapeNet/b5706706df77157627d4fc401a34f3de,FALSE,chair,chair,0,"['it', 'does', 'not', 'have', 'arms']",5,it does not have arms,train,test,train,test,"[1, 23, 39, 40, 84, 2232, 2, 0, 0, 0, 0, 0, 0, 0, 0, 0, 0, 0]"
user_251,There are no arm rests,3NOKK93PR3187FKIL09MWDSFCBOEEM,59,b5706706df77157627d4fc401a34f3de,chair,ShapeNet,part_3_removed_b5706706df77157627d4fc401a34f3de,chair,ShapeNet,FALSE,segmented_chair/part_3_removed/part_3_removed_b5706706df77157627d4fc401a34f3de,chair/ShapeNet/b5706706df77157627d4fc401a34f3de,FALSE,chair,chair,3,"['there', 'are', 'no', 'arm', 'rests']",5,there are no arm rests,train,test,train,test,"[1, 15, 16, 123, 517, 540, 2, 0, 0, 0, 0, 0, 0, 0, 0, 0, 0, 0]"
user_2026,It does not have arms,33LKR6A5KGDBCX83Z732OF9MQ9E1TH,122,b5350feacacdec9e1a4c9a8c5e7ae925,chair,ShapeNet,part_3_removed_b5350feacacdec9e1a4c9a8c5e7ae925,chair,ShapeNet,FALSE,segmented_chair/part_3_removed/part_3_removed_b5350feacacdec9e1a4c9a8c5e7ae925,chair/ShapeNet/b5350feacacdec9e1a4c9a8c5e7ae925,FALSE,chair,chair,1,"['it', 'does', 'not', 'have', 'arms']",5,it does not have arms,train,test,train,test,"[1, 23, 39, 40, 84, 2232, 2, 0, 0, 0, 0, 0, 0, 0, 0, 0, 0, 0]"
user_2026,It does not have a back cushion,33LKR6A5KGDBCX83Z732OF9MQ9E1TH,122,b5350feacacdec9e1a4c9a8c5e7ae925,chair,ShapeNet,part_0_removed_b5350feacacdec9e1a4c9a8c5e7ae925,chair,ShapeNet,FALSE,segmented_chair/part_0_removed/part_0_removed_b5350feacacdec9e1a4c9a8c5e7ae925,chair/ShapeNet/b5350feacacdec9e1a4c9a8c5e7ae925,FALSE,chair,chair,3,"['it', 'does', 'not', 'have', 'a', 'back', 'cushion']",7,it does not have a back cushion,train,test,train,test,"[1, 23, 39, 40, 84, 26, 183, 2256, 2, 0, 0, 0, 0, 0, 0, 0, 0, 0]"
user_1358,No arms,369J354OFF32EENULDGCKSLE8SPG6S,89,b2f125cba550eb8bfebad4f49b26ec52,chair,ShapeNet,part_3_removed_b2f125cba550eb8bfebad4f49b26ec52,chair,ShapeNet,FALSE,segmented_chair/part_3_removed/part_3_removed_b2f125cba550eb8bfebad4f49b26ec52,chair/ShapeNet/b2f125cba550eb8bfebad4f49b26ec52,FALSE,chair,chair,2,"['no', 'arms']",2,no arms,train,test,train,test,"[1, 123, 2232, 2, 0, 0, 0, 0, 0, 0, 0, 0, 0, 0, 0, 0, 0, 0]"
user_1712,there is no seat cushion,3R9WASFE219YOOBACY75Z5EWW6AFZ3,88,ae3b4195dfa9779f89e49c5729fd5d6c,chair,ShapeNet,part_1_removed_ae3b4195dfa9779f89e49c5729fd5d6c,chair,ShapeNet,FALSE,segmented_chair/part_1_removed/part_1_removed_ae3b4195dfa9779f89e49c5729fd5d6c,chair/ShapeNet/ae3b4195dfa9779f89e49c5729fd5d6c,FALSE,chair,chair,3,"['there', 'is', 'no', 'seat', 'cushion']",5,there is no seat cushion,train,test,train,test,"[1, 15, 7, 123, 2255, 2256, 2, 0, 0, 0, 0, 0, 0, 0, 0, 0, 0, 0]"
user_903,It does not have a body,3R08VXYT7EOHF0RZJSPMC97XHSP7WR,41,aa001d69c5b051591736c5c04ed41019,lamp,ShapeNet,part_3_removed_aa001d69c5b051591736c5c04ed41019,lamp,ShapeNet,FALSE,segmented_lamp/part_3_removed/part_3_removed_aa001d69c5b051591736c5c04ed41019,lamp/ShapeNet/aa001d69c5b051591736c5c04ed41019,FALSE,lamp,lamp,2,"['it', 'does', 'not', 'have', 'a', 'body']",6,it does not have a body,train,test,train,test,"[1, 23, 39, 40, 84, 26, 45, 2, 0, 0, 0, 0, 0, 0, 0, 0, 0, 0]"
user_655,It does not have arms,32XVDSJFP1QEON0F9E247KOZO8NM2B,387,a7d178cd0dc051f25fceaa39a8353bde,chair,ShapeNet,part_3_removed_a7d178cd0dc051f25fceaa39a8353bde,chair,ShapeNet,FALSE,segmented_chair/part_3_removed/part_3_removed_a7d178cd0dc051f25fceaa39a8353bde,chair/ShapeNet/a7d178cd0dc051f25fceaa39a8353bde,TRUE,chair,chair,3,"['it', 'does', 'not', 'have', 'arms']",5,it does not have arms,train,test,train,test,"[1, 23, 39, 40, 84, 2232, 2, 0, 0, 0, 0, 0, 0, 0, 0, 0, 0, 0]"
user_203,It does not have a shade that is shaped like a football.,3CCZ6YKWR9CRG0082O0X05LQSJI59P,88,a500dac5ab226476b9445129e5607c02,lamp,ShapeNet,part_1_removed_a500dac5ab226476b9445129e5607c02,lamp,ShapeNet,FALSE,segmented_lamp/part_1_removed/part_1_removed_a500dac5ab226476b9445129e5607c02,lamp/ShapeNet/a500dac5ab226476b9445129e5607c02,FALSE,lamp,lamp,0,"['it', 'does', 'not', 'have', 'a', 'shade', 'that', 'is', 'shaped', 'like', 'a', 'football']",12,it does not have a shade that is shaped like a football,val,test,val,test,"[1, 23, 39, 40, 84, 26, 1873, 172, 7, 14, 35, 26, 2060, 2, 0, 0, 0, 0]"
user_428,The target has no armrests.,358010RM5GMYFQXLBVOOK618SDKXV4,70,a374415a1ccc05aa283b00891f680579,chair,ShapeNet,part_3_removed_a374415a1ccc05aa283b00891f680579,chair,ShapeNet,FALSE,segmented_chair/part_3_removed/part_3_removed_a374415a1ccc05aa283b00891f680579,chair/ShapeNet/a374415a1ccc05aa283b00891f680579,FALSE,chair,chair,0,"['the', 'target', 'has', 'no', 'armrests']",5,the target has no armrests,val,test,val,test,"[1, 10, 11, 24, 123, 2271, 2, 0, 0, 0, 0, 0, 0, 0, 0, 0, 0, 0]"
user_618,There are no arms attached to the chair.,3TS1AR6UQS7F4E54T3FM8LLY2SMF7C,148,9dc454ec0b5b7b50e45ef4135c266a12,chair,ShapeNet,part_3_removed_9dc454ec0b5b7b50e45ef4135c266a12,chair,ShapeNet,FALSE,segmented_chair/part_3_removed/part_3_removed_9dc454ec0b5b7b50e45ef4135c266a12,chair/ShapeNet/9dc454ec0b5b7b50e45ef4135c266a12,TRUE,chair,chair,0,"['there', 'are', 'no', 'arms', 'attached', 'to', 'the', 'chair']",8,there are no arms attached to the chair,test,test,test,test,"[1, 15, 16, 123, 2232, 115, 58, 10, 2251, 2, 0, 0, 0, 0, 0, 0, 0, 0]"
user_1424,The legs have no feet at the ends,3A9AA95ATYFC8NGFJDWUMVL6DPB5PH,249,9dc454ec0b5b7b50e45ef4135c266a12,chair,ShapeNet,part_2_removed_9dc454ec0b5b7b50e45ef4135c266a12,chair,ShapeNet,FALSE,segmented_chair/part_2_removed/part_2_removed_9dc454ec0b5b7b50e45ef4135c266a12,chair/ShapeNet/9dc454ec0b5b7b50e45ef4135c266a12,TRUE,chair,chair,3,"['the', 'legs', 'have', 'no', 'feet', 'at', 'the', 'ends']",8,the legs have no feet at the ends,train,test,train,test,"[1, 10, 547, 84, 123, 200, 98, 10, 247, 2, 0, 0, 0, 0, 0, 0, 0, 0]"
user_1134,It has no arms,39JEC7537WUACSMQKZS16TGYRLWVCG,50,9ca1c0357c3033488cc413950b617e8f,chair,ShapeNet,part_3_removed_9ca1c0357c3033488cc413950b617e8f,chair,ShapeNet,FALSE,segmented_chair/part_3_removed/part_3_removed_9ca1c0357c3033488cc413950b617e8f,chair/ShapeNet/9ca1c0357c3033488cc413950b617e8f,FALSE,chair,chair,2,"['it', 'has', 'no', 'arms']",4,it has no arms,train,test,train,test,"[1, 23, 24, 123, 2232, 2, 0, 0, 0, 0, 0, 0, 0, 0, 0, 0, 0, 0]"
user_2001,The target does not have legs,3H0W84IWBMVXGJPN76TMVKRXB3NRE9,24,9c3c8db3c4b29c8e7bcb070cc655f13a,lamp,ShapeNet,part_0_removed_9c3c8db3c4b29c8e7bcb070cc655f13a,lamp,ShapeNet,FALSE,segmented_lamp/part_0_removed/part_0_removed_9c3c8db3c4b29c8e7bcb070cc655f13a,lamp/ShapeNet/9c3c8db3c4b29c8e7bcb070cc655f13a,FALSE,lamp,lamp,0,"['the', 'target', 'does', 'not', 'have', 'legs']",6,the target does not have legs,train,test,train,test,"[1, 10, 11, 39, 40, 84, 547, 2, 0, 0, 0, 0, 0, 0, 0, 0, 0, 0]"
user_1191,The target has no arms.,3KYQYYSHYX0PR0J7JJ1YV748GUKODK,97,9b9a114cfee79bfb492d9da2668ec34c,chair,ShapeNet,part_3_removed_9b9a114cfee79bfb492d9da2668ec34c,chair,ShapeNet,FALSE,segmented_chair/part_3_removed/part_3_removed_9b9a114cfee79bfb492d9da2668ec34c,chair/ShapeNet/9b9a114cfee79bfb492d9da2668ec34c,FALSE,chair,chair,3,"['the', 'target', 'has', 'no', 'arms']",5,the target has no arms,train,test,train,test,"[1, 10, 11, 24, 123, 2232, 2, 0, 0, 0, 0, 0, 0, 0, 0, 0, 0, 0]"
user_379,There are no arm rests.,3QBD8R3Z23CCR40EQ805S3A23RMO4M,45,9a864d5de972a8c7cb686b8b855fed61,chair,ShapeNet,part_3_removed_9a864d5de972a8c7cb686b8b855fed61,chair,ShapeNet,FALSE,segmented_chair/part_3_removed/part_3_removed_9a864d5de972a8c7cb686b8b855fed61,chair/ShapeNet/9a864d5de972a8c7cb686b8b855fed61,FALSE,chair,chair,4,"['there', 'are', 'no', 'arm', 'rests']",5,there are no arm rests,train,test,train,test,"[1, 15, 16, 123, 517, 540, 2, 0, 0, 0, 0, 0, 0, 0, 0, 0, 0, 0]"
user_591,There are no armrests,324G5B4FB51O7AQEQLW15EYUWMN07B,104,99d4e65625b32a1d151f08387c3363cb,chair,ShapeNet,part_3_removed_99d4e65625b32a1d151f08387c3363cb,chair,ShapeNet,FALSE,segmented_chair/part_3_removed/part_3_removed_99d4e65625b32a1d151f08387c3363cb,chair/ShapeNet/99d4e65625b32a1d151f08387c3363cb,FALSE,chair,chair,0,"['there', 'are', 'no', 'armrests']",4,there are no armrests,train,test,train,test,"[1, 15, 16, 123, 2271, 2, 0, 0, 0, 0, 0, 0, 0, 0, 0, 0, 0, 0]"
user_2026,It does not have legs,3H8DHMCCWB4619YSLR95OQNZWTAKD4,112,98547d9147a58195f51f77a6d7299806,chair,ShapeNet,part_2_removed_98547d9147a58195f51f77a6d7299806,chair,ShapeNet,FALSE,segmented_chair/part_2_removed/part_2_removed_98547d9147a58195f51f77a6d7299806,chair/ShapeNet/98547d9147a58195f51f77a6d7299806,TRUE,chair,chair,0,"['it', 'does', 'not', 'have', 'legs']",5,it does not have legs,train,test,train,test,"[1, 23, 39, 40, 84, 547, 2, 0, 0, 0, 0, 0, 0, 0, 0, 0, 0, 0]"
user_2026,It does not have a back cushion,3H8DHMCCWB4619YSLR95OQNZWTAKD4,112,98547d9147a58195f51f77a6d7299806,chair,ShapeNet,part_0_removed_98547d9147a58195f51f77a6d7299806,chair,ShapeNet,FALSE,segmented_chair/part_0_removed/part_0_removed_98547d9147a58195f51f77a6d7299806,chair/ShapeNet/98547d9147a58195f51f77a6d7299806,TRUE,chair,chair,4,"['it', 'does', 'not', 'have', 'a', 'back', 'cushion']",7,it does not have a back cushion,train,test,train,test,"[1, 23, 39, 40, 84, 26, 183, 2256, 2, 0, 0, 0, 0, 0, 0, 0, 0, 0]"
user_1712,it does not have arms,3D8YOU6S9GDLJWOP5I5TO7M5HXN6UV,94,94c8b873c9214a726e18d8b0769ce75d,chair,ShapeNet,part_3_removed_94c8b873c9214a726e18d8b0769ce75d,chair,ShapeNet,FALSE,segmented_chair/part_3_removed/part_3_removed_94c8b873c9214a726e18d8b0769ce75d,chair/ShapeNet/94c8b873c9214a726e18d8b0769ce75d,FALSE,chair,chair,1,"['it', 'does', 'not', 'have', 'arms']",5,it does not have arms,train,test,train,test,"[1, 23, 39, 40, 84, 2232, 2, 0, 0, 0, 0, 0, 0, 0, 0, 0, 0, 0]"
user_491,The target does not have arms.,3FE2ERCCZZ1YGXMXOSSTV1LXUHPPO9,436,928678562a6a57db698a862d11861eaa,chair,ShapeNet,part_3_removed_928678562a6a57db698a862d11861eaa,chair,ShapeNet,FALSE,segmented_chair/part_3_removed/part_3_removed_928678562a6a57db698a862d11861eaa,chair/ShapeNet/928678562a6a57db698a862d11861eaa,FALSE,chair,chair,4,"['the', 'target', 'does', 'not', 'have', 'arms']",6,the target does not have arms,test,test,test,test,"[1, 10, 11, 39, 40, 84, 2232, 2, 0, 0, 0, 0, 0, 0, 0, 0, 0, 0]"
user_1200,There are no arm rests.,3OLQQLKKNUIGIV6AZ1KDTT57HIHEJ2,60,9233077bbe6926c239465fa20b0ba7fb,chair,ShapeNet,part_3_removed_9233077bbe6926c239465fa20b0ba7fb,chair,ShapeNet,FALSE,segmented_chair/part_3_removed/part_3_removed_9233077bbe6926c239465fa20b0ba7fb,chair/ShapeNet/9233077bbe6926c239465fa20b0ba7fb,FALSE,chair,chair,1,"['there', 'are', 'no', 'arm', 'rests']",5,there are no arm rests,train,test,train,test,"[1, 15, 16, 123, 517, 540, 2, 0, 0, 0, 0, 0, 0, 0, 0, 0, 0, 0]"
user_1864,there are no arm rests,3LJ7UR74RJ6U9J02PT0SDEAXD6S4NC,42,920af478601258e24762da3a3017ade,chair,ShapeNet,part_3_removed_920af478601258e24762da3a3017ade,chair,ShapeNet,FALSE,segmented_chair/part_3_removed/part_3_removed_920af478601258e24762da3a3017ade,chair/ShapeNet/920af478601258e24762da3a3017ade,FALSE,chair,chair,2,"['there', 'are', 'no', 'arm', 'rests']",5,there are no arm rests,test,test,test,test,"[1, 15, 16, 123, 517, 540, 2, 0, 0, 0, 0, 0, 0, 0, 0, 0, 0, 0]"
user_491,The target does not have arms.,3P4RDNWND7ZSY08WVKA4E83Z99FJI3,129,8ec3459ab9fa3ce8738e43095496b061,chair,ShapeNet,part_3_removed_8ec3459ab9fa3ce8738e43095496b061,chair,ShapeNet,FALSE,segmented_chair/part_3_removed/part_3_removed_8ec3459ab9fa3ce8738e43095496b061,chair/ShapeNet/8ec3459ab9fa3ce8738e43095496b061,FALSE,chair,chair,3,"['the', 'target', 'does', 'not', 'have', 'arms']",6,the target does not have arms,train,test,train,test,"[1, 10, 11, 39, 40, 84, 2232, 2, 0, 0, 0, 0, 0, 0, 0, 0, 0, 0]"
user_1644,The chair does not have arms.,32KTQ2V7RF8PO7LEUNHJH7WDUDM9MD,46,8e853d5bb145c11486c701087a194026,chair,ShapeNet,part_3_removed_8e853d5bb145c11486c701087a194026,chair,ShapeNet,FALSE,segmented_chair/part_3_removed/part_3_removed_8e853d5bb145c11486c701087a194026,chair/ShapeNet/8e853d5bb145c11486c701087a194026,FALSE,chair,chair,0,"['the', 'chair', 'does', 'not', 'have', 'arms']",6,the chair does not have arms,train,test,train,test,"[1, 10, 2251, 39, 40, 84, 2232, 2, 0, 0, 0, 0, 0, 0, 0, 0, 0, 0]"
user_571,It has no arms,339ANSOTR7VN9KEED5AGFN3COTWKIA,67,8ad1db95b5b9d60136d9cfd13835101,chair,ShapeNet,part_3_removed_8ad1db95b5b9d60136d9cfd13835101,chair,ShapeNet,FALSE,segmented_chair/part_3_removed/part_3_removed_8ad1db95b5b9d60136d9cfd13835101,chair/ShapeNet/8ad1db95b5b9d60136d9cfd13835101,FALSE,chair,chair,1,"['it', 'has', 'no', 'arms']",4,it has no arms,train,test,train,test,"[1, 23, 24, 123, 2232, 2, 0, 0, 0, 0, 0, 0, 0, 0, 0, 0, 0, 0]"
user_2063,There are no arms visible,3OB0CAO74JIIXUSBB2TMOJH8M3BYHR,82,8abd5158ec94dfd8924bf081da6f024c,chair,ShapeNet,part_3_removed_8abd5158ec94dfd8924bf081da6f024c,chair,ShapeNet,FALSE,segmented_chair/part_3_removed/part_3_removed_8abd5158ec94dfd8924bf081da6f024c,chair/ShapeNet/8abd5158ec94dfd8924bf081da6f024c,FALSE,chair,chair,2,"['there', 'are', 'no', 'arms', 'visible']",5,there are no arms visible,train,test,train,test,"[1, 15, 16, 123, 2232, 185, 2, 0, 0, 0, 0, 0, 0, 0, 0, 0, 0, 0]"
user_1135,The target chair has no arms.,3OS4RQUCRB826Q8U6KR2DN7ULB4FBB,128,885bc048615523273eec26c23f5bc80b,chair,ShapeNet,part_3_removed_885bc048615523273eec26c23f5bc80b,chair,ShapeNet,FALSE,segmented_chair/part_3_removed/part_3_removed_885bc048615523273eec26c23f5bc80b,chair/ShapeNet/885bc048615523273eec26c23f5bc80b,FALSE,chair,chair,0,"['the', 'target', 'chair', 'has', 'no', 'arms']",6,the target chair has no arms,train,test,train,test,"[1, 10, 11, 2251, 24, 123, 2232, 2, 0, 0, 0, 0, 0, 0, 0, 0, 0, 0]"
user_1572,There are no feet on the legs of the chair.,37TD41K0AJ2UK05MQ4NWV6WRSN4CS6,85,86fda548f0fde39328f80188b7c24dcb,chair,ShapeNet,part_2_removed_86fda548f0fde39328f80188b7c24dcb,chair,ShapeNet,FALSE,segmented_chair/part_2_removed/part_2_removed_86fda548f0fde39328f80188b7c24dcb,chair/ShapeNet/86fda548f0fde39328f80188b7c24dcb,FALSE,chair,chair,1,"['there', 'are', 'no', 'feet', 'on', 'the', 'legs', 'of', 'the', 'chair']",10,there are no feet on the legs of the chair,train,test,train,test,"[1, 15, 16, 123, 200, 20, 10, 547, 38, 10, 2251, 2, 0, 0, 0, 0, 0, 0]"
user_1885,it has no arms,3F6KKYWMNDU79FJVI41LGI43QTRNDY,330,86fda548f0fde39328f80188b7c24dcb,chair,ShapeNet,part_3_removed_86fda548f0fde39328f80188b7c24dcb,chair,ShapeNet,FALSE,segmented_chair/part_3_removed/part_3_removed_86fda548f0fde39328f80188b7c24dcb,chair/ShapeNet/86fda548f0fde39328f80188b7c24dcb,TRUE,chair,chair,1,"['it', 'has', 'no', 'arms']",4,it has no arms,train,test,train,test,"[1, 23, 24, 123, 2232, 2, 0, 0, 0, 0, 0, 0, 0, 0, 0, 0, 0, 0]"
user_1572,There are no arms.,37TD41K0AJ2UK05MQ4NWV6WRSN4CS6,85,86fda548f0fde39328f80188b7c24dcb,chair,ShapeNet,part_3_removed_86fda548f0fde39328f80188b7c24dcb,chair,ShapeNet,FALSE,segmented_chair/part_3_removed/part_3_removed_86fda548f0fde39328f80188b7c24dcb,chair/ShapeNet/86fda548f0fde39328f80188b7c24dcb,FALSE,chair,chair,3,"['there', 'are', 'no', 'arms']",4,there are no arms,train,test,train,test,"[1, 15, 16, 123, 2232, 2, 0, 0, 0, 0, 0, 0, 0, 0, 0, 0, 0, 0]"
user_203,It does not have a backplate.,3U088ZLJVMM3XPRFYT4DXUXA9EHW0E,56,86f8f2c064c79e6cb0c0d433974e32b,lamp,ShapeNet,part_2_removed_86f8f2c064c79e6cb0c0d433974e32b,lamp,ShapeNet,FALSE,segmented_lamp/part_2_removed/part_2_removed_86f8f2c064c79e6cb0c0d433974e32b,lamp/ShapeNet/86f8f2c064c79e6cb0c0d433974e32b,FALSE,lamp,lamp,2,"['it', 'does', 'not', 'have', 'a', 'backplate']",6,it does not have a backplate,train,test,train,test,"[1, 23, 39, 40, 84, 26, 4356, 2, 0, 0, 0, 0, 0, 0, 0, 0, 0, 0]"
user_203,It does not have legs.,3YOH7BII0B0SVQYECC9ZUCT6WWEVK6,158,8617fc907ff8cb36597976c675750537,chair,ShapeNet,part_2_removed_8617fc907ff8cb36597976c675750537,chair,ShapeNet,FALSE,segmented_chair/part_2_removed/part_2_removed_8617fc907ff8cb36597976c675750537,chair/ShapeNet/8617fc907ff8cb36597976c675750537,FALSE,chair,chair,0,"['it', 'does', 'not', 'have', 'legs']",5,it does not have legs,train,test,train,test,"[1, 23, 39, 40, 84, 547, 2, 0, 0, 0, 0, 0, 0, 0, 0, 0, 0, 0]"
user_203,It does not have arms.,3YOH7BII0B0SVQYECC9ZUCT6WWEVK6,158,8617fc907ff8cb36597976c675750537,chair,ShapeNet,part_3_removed_8617fc907ff8cb36597976c675750537,chair,ShapeNet,FALSE,segmented_chair/part_3_removed/part_3_removed_8617fc907ff8cb36597976c675750537,chair/ShapeNet/8617fc907ff8cb36597976c675750537,FALSE,chair,chair,1,"['it', 'does', 'not', 'have', 'arms']",5,it does not have arms,train,test,train,test,"[1, 23, 39, 40, 84, 2232, 2, 0, 0, 0, 0, 0, 0, 0, 0, 0, 0, 0]"
user_1791,the target does not have a base for wall mounting,3J88R45B2IRLA60PPJFPEECQW3SXPA,74,85e79f31c24f878cef3a2c64cef919d0,lamp,ShapeNet,part_0_removed_85e79f31c24f878cef3a2c64cef919d0,lamp,ShapeNet,FALSE,segmented_lamp/part_0_removed/part_0_removed_85e79f31c24f878cef3a2c64cef919d0,lamp/ShapeNet/85e79f31c24f878cef3a2c64cef919d0,TRUE,lamp,lamp,0,"['the', 'target', 'does', 'not', 'have', 'a', 'base', 'for', 'wall', 'mounting']",10,the target does not have a base for wall mounting,train,test,train,test,"[1, 10, 11, 39, 40, 84, 26, 103, 259, 108, 2242, 2, 0, 0, 0, 0, 0, 0]"
user_923,It has no feet,32N49TQG3IBMJDPS0LWA0YQARQQVA9,107,850b424d90dbc66f4d68bade576979ab,chair,ShapeNet,part_2_removed_850b424d90dbc66f4d68bade576979ab,chair,ShapeNet,FALSE,segmented_chair/part_2_removed/part_2_removed_850b424d90dbc66f4d68bade576979ab,chair/ShapeNet/850b424d90dbc66f4d68bade576979ab,FALSE,chair,chair,2,"['it', 'has', 'no', 'feet']",4,it has no feet,train,test,train,test,"[1, 23, 24, 123, 200, 2, 0, 0, 0, 0, 0, 0, 0, 0, 0, 0, 0, 0]"
user_203,It does not have a base.,3OCHAWUVGQDKZF39CRAHIXQQWFDXK0,64,7d097f4b38f0a8a65b6c7da997b0e5e3,lamp,ShapeNet,part_0_removed_7d097f4b38f0a8a65b6c7da997b0e5e3,lamp,ShapeNet,FALSE,segmented_lamp/part_0_removed/part_0_removed_7d097f4b38f0a8a65b6c7da997b0e5e3,lamp/ShapeNet/7d097f4b38f0a8a65b6c7da997b0e5e3,FALSE,lamp,lamp,1,"['it', 'does', 'not', 'have', 'a', 'base']",6,it does not have a base,val,test,val,test,"[1, 23, 39, 40, 84, 26, 103, 2, 0, 0, 0, 0, 0, 0, 0, 0, 0, 0]"
user_618,There are no arms attached to the chair.,3DYGAII7PN1119ZD35KXK6GX9O9PQV,271,7ae6518311bf2f66e1a0327ca4c4d5a5,chair,ShapeNet,part_3_removed_7ae6518311bf2f66e1a0327ca4c4d5a5,chair,ShapeNet,FALSE,segmented_chair/part_3_removed/part_3_removed_7ae6518311bf2f66e1a0327ca4c4d5a5,chair/ShapeNet/7ae6518311bf2f66e1a0327ca4c4d5a5,FALSE,chair,chair,3,"['there', 'are', 'no', 'arms', 'attached', 'to', 'the', 'chair']",8,there are no arms attached to the chair,train,test,train,test,"[1, 15, 16, 123, 2232, 115, 58, 10, 2251, 2, 0, 0, 0, 0, 0, 0, 0, 0]"
user_678,The target does not have arms.,3C6FJU71TSMN2GYVB10L7Y6YG4OUYL,201,7910a6262ad8fc113fa02fd212ba0e5f,chair,ShapeNet,part_3_removed_7910a6262ad8fc113fa02fd212ba0e5f,chair,ShapeNet,FALSE,segmented_chair/part_3_removed/part_3_removed_7910a6262ad8fc113fa02fd212ba0e5f,chair/ShapeNet/7910a6262ad8fc113fa02fd212ba0e5f,FALSE,chair,chair,0,"['the', 'target', 'does', 'not', 'have', 'arms']",6,the target does not have arms,train,test,train,test,"[1, 10, 11, 39, 40, 84, 2232, 2, 0, 0, 0, 0, 0, 0, 0, 0, 0, 0]"
user_279,It does not have a shade over it's bulbs,3LWJHTCVCEFPAWAJP2OS8C2SRJAQF1,118,78a11c0b8e964c9b41657e31b569b105,lamp,ShapeNet,part_1_removed_78a11c0b8e964c9b41657e31b569b105,lamp,ShapeNet,FALSE,segmented_lamp/part_1_removed/part_1_removed_78a11c0b8e964c9b41657e31b569b105,lamp/ShapeNet/78a11c0b8e964c9b41657e31b569b105,FALSE,lamp,lamp,1,"['it', 'does', 'not', 'have', 'a', 'shade', 'over', 'it', 'is', 'bulbs']",10,it does not have a shade over it is bulbs,train,test,train,test,"[1, 23, 39, 40, 84, 26, 1873, 267, 23, 7, 403, 2, 0, 0, 0, 0, 0, 0]"
user_1111,The seat does not have a back.,3SKEMFQBZ5YUKE214JYP2Y9YL4ZK8O,128,75d28a98c151cbe678d2ffcbbc0020d,chair,ShapeNet,part_0_removed_75d28a98c151cbe678d2ffcbbc0020d,chair,ShapeNet,FALSE,segmented_chair/part_0_removed/part_0_removed_75d28a98c151cbe678d2ffcbbc0020d,chair/ShapeNet/75d28a98c151cbe678d2ffcbbc0020d,TRUE,chair,chair,0,"['the', 'seat', 'does', 'not', 'have', 'a', 'back']",7,the seat does not have a back,test,test,test,test,"[1, 10, 2255, 39, 40, 84, 26, 183, 2, 0, 0, 0, 0, 0, 0, 0, 0, 0]"
user_948,It does not have arms,3A7Y0R2P2QHPOVXRU6A5HIQEXPMJXC,125,740cc6d4d1c6901eadb91c074e672e22,chair,ShapeNet,part_3_removed_740cc6d4d1c6901eadb91c074e672e22,chair,ShapeNet,FALSE,segmented_chair/part_3_removed/part_3_removed_740cc6d4d1c6901eadb91c074e672e22,chair/ShapeNet/740cc6d4d1c6901eadb91c074e672e22,TRUE,chair,chair,0,"['it', 'does', 'not', 'have', 'arms']",5,it does not have arms,train,test,train,test,"[1, 23, 39, 40, 84, 2232, 2, 0, 0, 0, 0, 0, 0, 0, 0, 0, 0, 0]"
user_618,This chair does not have arms.,3ZOTGHDK5K4VTP2PG9WNQ6Q8HZ3OSR,227,7275cb0572b1c0042725cbc5586c6d7b,chair,ShapeNet,part_3_removed_7275cb0572b1c0042725cbc5586c6d7b,chair,ShapeNet,FALSE,segmented_chair/part_3_removed/part_3_removed_7275cb0572b1c0042725cbc5586c6d7b,chair/ShapeNet/7275cb0572b1c0042725cbc5586c6d7b,TRUE,chair,chair,1,"['this', 'chair', 'does', 'not', 'have', 'arms']",6,this chair does not have arms,train,test,train,test,"[1, 301, 2251, 39, 40, 84, 2232, 2, 0, 0, 0, 0, 0, 0, 0, 0, 0, 0]"
user_1644,It has no arms.,3PZDLQMM0VE1F1OOWP8Q4OJNUW3C27,39,6d4ce042f204e89db413bc67c6e4035a,chair,ShapeNet,part_3_removed_6d4ce042f204e89db413bc67c6e4035a,chair,ShapeNet,FALSE,segmented_chair/part_3_removed/part_3_removed_6d4ce042f204e89db413bc67c6e4035a,chair/ShapeNet/6d4ce042f204e89db413bc67c6e4035a,FALSE,chair,chair,4,"['it', 'has', 'no', 'arms']",4,it has no arms,train,test,train,test,"[1, 23, 24, 123, 2232, 2, 0, 0, 0, 0, 0, 0, 0, 0, 0, 0, 0, 0]"
user_948,It does not have arms,39GAF6DQWTTQPPCS423HPXX7NW31VA,57,6cf6140483ba1b347b11ae648ea92233,chair,ShapeNet,part_3_removed_6cf6140483ba1b347b11ae648ea92233,chair,ShapeNet,FALSE,segmented_chair/part_3_removed/part_3_removed_6cf6140483ba1b347b11ae648ea92233,chair/ShapeNet/6cf6140483ba1b347b11ae648ea92233,FALSE,chair,chair,0,"['it', 'does', 'not', 'have', 'arms']",5,it does not have arms,test,test,test,test,"[1, 23, 39, 40, 84, 2232, 2, 0, 0, 0, 0, 0, 0, 0, 0, 0, 0, 0]"
user_948,It does not have legs,39GAF6DQWTTQPPCS423HPXX7NW31VA,57,6cf6140483ba1b347b11ae648ea92233,chair,ShapeNet,part_2_removed_6cf6140483ba1b347b11ae648ea92233,chair,ShapeNet,FALSE,segmented_chair/part_2_removed/part_2_removed_6cf6140483ba1b347b11ae648ea92233,chair/ShapeNet/6cf6140483ba1b347b11ae648ea92233,FALSE,chair,chair,1,"['it', 'does', 'not', 'have', 'legs']",5,it does not have legs,test,test,test,test,"[1, 23, 39, 40, 84, 547, 2, 0, 0, 0, 0, 0, 0, 0, 0, 0, 0, 0]"
user_918,There are no arm rests.,3MB8LZR5BHMPZLMKY87T73V453KLKV,918,6b95ac6189a395d3fa8cf35dd917fad6,chair,ShapeNet,part_3_removed_6b95ac6189a395d3fa8cf35dd917fad6,chair,ShapeNet,FALSE,segmented_chair/part_3_removed/part_3_removed_6b95ac6189a395d3fa8cf35dd917fad6,chair/ShapeNet/6b95ac6189a395d3fa8cf35dd917fad6,FALSE,chair,chair,3,"['there', 'are', 'no', 'arm', 'rests']",5,there are no arm rests,train,test,train,test,"[1, 15, 16, 123, 517, 540, 2, 0, 0, 0, 0, 0, 0, 0, 0, 0, 0, 0]"
user_704,It does not have a base separate from the shade.,3JCG6DTRV5JM1L0S3IZMKB6746VQQL,87,6b2a590446ad5794b10e111f2d30684d,lamp,ShapeNet,part_0_removed_6b2a590446ad5794b10e111f2d30684d,lamp,ShapeNet,FALSE,segmented_lamp/part_0_removed/part_0_removed_6b2a590446ad5794b10e111f2d30684d,lamp/ShapeNet/6b2a590446ad5794b10e111f2d30684d,FALSE,lamp,lamp,3,"['it', 'does', 'not', 'have', 'a', 'base', 'separate', 'from', 'the', 'shade']",10,it does not have a base separate from the shade,val,test,val,test,"[1, 23, 39, 40, 84, 26, 103, 85, 113, 10, 1873, 2, 0, 0, 0, 0, 0, 0]"
user_948,It does not have arms,3GGAI1SQEXRRM5SH67RAJXXL0Z7MCR,53,6ac7b2ef38226e3d26c2e61baa2a8130,chair,ShapeNet,part_3_removed_6ac7b2ef38226e3d26c2e61baa2a8130,chair,ShapeNet,FALSE,segmented_chair/part_3_removed/part_3_removed_6ac7b2ef38226e3d26c2e61baa2a8130,chair/ShapeNet/6ac7b2ef38226e3d26c2e61baa2a8130,TRUE,chair,chair,0,"['it', 'does', 'not', 'have', 'arms']",5,it does not have arms,train,test,train,test,"[1, 23, 39, 40, 84, 2232, 2, 0, 0, 0, 0, 0, 0, 0, 0, 0, 0, 0]"
user_1111,The chair does not have legs.,3K5TEWLKGX41PV8QC9ONHWET4T1VI9,232,640f61579181aef13ad3591a780fa12b,chair,ShapeNet,part_2_removed_640f61579181aef13ad3591a780fa12b,chair,ShapeNet,FALSE,segmented_chair/part_2_removed/part_2_removed_640f61579181aef13ad3591a780fa12b,chair/ShapeNet/640f61579181aef13ad3591a780fa12b,FALSE,chair,chair,2,"['the', 'chair', 'does', 'not', 'have', 'legs']",6,the chair does not have legs,train,test,train,test,"[1, 10, 2251, 39, 40, 84, 547, 2, 0, 0, 0, 0, 0, 0, 0, 0, 0, 0]"
user_1651,It has no arms,3PXX5PX6LZR7AZRMV45AZMW3O1OAB2,99,62d160f560c31e0ff1d6726679b21945,chair,ShapeNet,part_3_removed_62d160f560c31e0ff1d6726679b21945,chair,ShapeNet,FALSE,segmented_chair/part_3_removed/part_3_removed_62d160f560c31e0ff1d6726679b21945,chair/ShapeNet/62d160f560c31e0ff1d6726679b21945,FALSE,chair,chair,1,"['it', 'has', 'no', 'arms']",4,it has no arms,train,test,train,test,"[1, 23, 24, 123, 2232, 2, 0, 0, 0, 0, 0, 0, 0, 0, 0, 0, 0, 0]"
user_786,It has no arms,3YMU66OBIP1IB37BHW7GHJA4H7MHGD,151,62257f79605faa66e6fe3612af521500,chair,ShapeNet,part_3_removed_62257f79605faa66e6fe3612af521500,chair,ShapeNet,FALSE,segmented_chair/part_3_removed/part_3_removed_62257f79605faa66e6fe3612af521500,chair/ShapeNet/62257f79605faa66e6fe3612af521500,FALSE,chair,chair,0,"['it', 'has', 'no', 'arms']",4,it has no arms,train,test,train,test,"[1, 23, 24, 123, 2232, 2, 0, 0, 0, 0, 0, 0, 0, 0, 0, 0, 0, 0]"
user_1712,it does not have arms or sides,3IGI0VL649DYDCAK8DF1RCG2U53ONX,70,619d9f32db0780187c34f3963ae12156,chair,ShapeNet,part_3_removed_619d9f32db0780187c34f3963ae12156,chair,ShapeNet,FALSE,segmented_chair/part_3_removed/part_3_removed_619d9f32db0780187c34f3963ae12156,chair/ShapeNet/619d9f32db0780187c34f3963ae12156,FALSE,chair,chair,3,"['it', 'does', 'not', 'have', 'arms', 'or', 'sides']",7,it does not have arms or sides,train,test,train,test,"[1, 23, 39, 40, 84, 2232, 124, 360, 2, 0, 0, 0, 0, 0, 0, 0, 0, 0]"
user_1644,The chair does not have arms.,3NQL1CS15T1NFVNVGRAQ3K8HUGEVY2,121,6189b30ed01f7bfa5692a9640d6947fc,chair,ShapeNet,part_3_removed_6189b30ed01f7bfa5692a9640d6947fc,chair,ShapeNet,FALSE,segmented_chair/part_3_removed/part_3_removed_6189b30ed01f7bfa5692a9640d6947fc,chair/ShapeNet/6189b30ed01f7bfa5692a9640d6947fc,TRUE,chair,chair,0,"['the', 'chair', 'does', 'not', 'have', 'arms']",6,the chair does not have arms,train,test,train,test,"[1, 10, 2251, 39, 40, 84, 2232, 2, 0, 0, 0, 0, 0, 0, 0, 0, 0, 0]"
user_1424,It has no feet but stretchers between the thin legs,3VHHR074H5A146F0FEIK3YQIZHT7LG,294,60a5795c905f3bb157f5033576317e1,chair,ShapeNet,part_2_removed_60a5795c905f3bb157f5033576317e1,chair,ShapeNet,FALSE,segmented_chair/part_2_removed/part_2_removed_60a5795c905f3bb157f5033576317e1,chair/ShapeNet/60a5795c905f3bb157f5033576317e1,FALSE,chair,chair,4,"['it', 'has', 'no', 'feet', 'but', 'stretchers', 'between', 'the', 'thin', 'legs']",10,it has no feet but stretchers between the thin legs,train,test,train,test,"[1, 23, 24, 123, 200, 207, 2291, 657, 10, 60, 547, 2, 0, 0, 0, 0, 0, 0]"
user_505,Target has no arms,3TY7ZAOG5HDC2PXY9FLA9J3G27X0KT,47,5a30a8edad307d8b04cb542e2c50eb4,chair,ShapeNet,part_3_removed_5a30a8edad307d8b04cb542e2c50eb4,chair,ShapeNet,FALSE,segmented_chair/part_3_removed/part_3_removed_5a30a8edad307d8b04cb542e2c50eb4,chair/ShapeNet/5a30a8edad307d8b04cb542e2c50eb4,FALSE,chair,chair,2,"['target', 'has', 'no', 'arms']",4,target has no arms,train,test,train,test,"[1, 11, 24, 123, 2232, 2, 0, 0, 0, 0, 0, 0, 0, 0, 0, 0, 0, 0]"
user_1065,it has no arms,3S0TNUHWKVBM68WRC2C2YLE81NP8D6,59,59fd3d1409c0ee2e47bc3701b998a7d5,chair,ShapeNet,part_3_removed_59fd3d1409c0ee2e47bc3701b998a7d5,chair,ShapeNet,FALSE,segmented_chair/part_3_removed/part_3_removed_59fd3d1409c0ee2e47bc3701b998a7d5,chair/ShapeNet/59fd3d1409c0ee2e47bc3701b998a7d5,FALSE,chair,chair,4,"['it', 'has', 'no', 'arms']",4,it has no arms,train,test,train,test,"[1, 23, 24, 123, 2232, 2, 0, 0, 0, 0, 0, 0, 0, 0, 0, 0, 0, 0]"
user_1571,"It does not have a base, and only has a pole.",3PWWM24LHURZ3YYBFDSL22N3O2782Y,184,59ca30266fb153ba50f93b609ce4feaf,lamp,ShapeNet,part_0_removed_59ca30266fb153ba50f93b609ce4feaf,lamp,ShapeNet,FALSE,segmented_lamp/part_0_removed/part_0_removed_59ca30266fb153ba50f93b609ce4feaf,lamp/ShapeNet/59ca30266fb153ba50f93b609ce4feaf,FALSE,lamp,lamp,1,"['it', 'does', 'not', 'have', 'a', 'base', 'and', 'only', 'has', 'a', 'pole']",11,it does not have a base and only has a pole,train,test,train,test,"[1, 23, 39, 40, 84, 26, 103, 47, 133, 24, 26, 1299, 2, 0, 0, 0, 0, 0]"
user_2026,It does not have a seat cushion or a back cushion,3P1L2B7AD3I8PC7ZW0ZMEKCDP7KLO3,893,56300f790763af1a872860b02b1bf58,chair,ShapeNet,part_0_removed_56300f790763af1a872860b02b1bf58,chair,ShapeNet,FALSE,segmented_chair/part_0_removed/part_0_removed_56300f790763af1a872860b02b1bf58,chair/ShapeNet/56300f790763af1a872860b02b1bf58,FALSE,chair,chair,4,"['it', 'does', 'not', 'have', 'a', 'seat', 'cushion', 'or', 'a', 'back', 'cushion']",11,it does not have a seat cushion or a back cushion,train,test,train,test,"[1, 23, 39, 40, 84, 26, 2255, 2256, 124, 26, 183, 2256, 2, 0, 0, 0, 0, 0]"
user_1651,It does not have a seat cushion,3OHYZ19UGEYRTTGVZ9AW56W2VXNAOG,57,546c4449b8001f0815d1fabef5f236ab,chair,ShapeNet,part_1_removed_546c4449b8001f0815d1fabef5f236ab,chair,ShapeNet,FALSE,segmented_chair/part_1_removed/part_1_removed_546c4449b8001f0815d1fabef5f236ab,chair/ShapeNet/546c4449b8001f0815d1fabef5f236ab,TRUE,chair,chair,0,"['it', 'does', 'not', 'have', 'a', 'seat', 'cushion']",7,it does not have a seat cushion,train,test,train,test,"[1, 23, 39, 40, 84, 26, 2255, 2256, 2, 0, 0, 0, 0, 0, 0, 0, 0, 0]"
user_765,The lamp does not have a base below the shade.,3STRJBFXOYKDIYUP7H9KTU5LPXSTKG,112,53685a90516a12c5f51fa0238791f5dc,lamp,ShapeNet,part_0_removed_53685a90516a12c5f51fa0238791f5dc,lamp,ShapeNet,FALSE,segmented_lamp/part_0_removed/part_0_removed_53685a90516a12c5f51fa0238791f5dc,lamp/ShapeNet/53685a90516a12c5f51fa0238791f5dc,FALSE,lamp,lamp,2,"['the', 'lamp', 'does', 'not', 'have', 'a', 'base', 'below', 'the', 'shade']",10,the lamp does not have a base below the shade,train,test,train,test,"[1, 10, 295, 39, 40, 84, 26, 103, 170, 10, 1873, 2, 0, 0, 0, 0, 0, 0]"
user_1189,There is no arm on one side,36V4Q8R5ZMTVG620BPS532M24GMMQE,61,50c446295496eca73542594e05cedc89,chair,ShapeNet,part_3_removed_50c446295496eca73542594e05cedc89,chair,ShapeNet,FALSE,segmented_chair/part_3_removed/part_3_removed_50c446295496eca73542594e05cedc89,chair/ShapeNet/50c446295496eca73542594e05cedc89,TRUE,chair,chair,0,"['there', 'is', 'no', 'arm', 'on', 'one', 'side']",7,there is no arm on one side,train,test,train,test,"[1, 15, 7, 123, 517, 20, 19, 22, 2, 0, 0, 0, 0, 0, 0, 0, 0, 0]"
user_1845,The chair has no arm rests,3TR2532VIRNC5GDVTJ1FH5DU0LYJ6T,26,501b15f5ff2152e5f7628281ecb18112,chair,ShapeNet,part_3_removed_501b15f5ff2152e5f7628281ecb18112,chair,ShapeNet,FALSE,segmented_chair/part_3_removed/part_3_removed_501b15f5ff2152e5f7628281ecb18112,chair/ShapeNet/501b15f5ff2152e5f7628281ecb18112,FALSE,chair,chair,3,"['the', 'chair', 'has', 'no', 'arm', 'rests']",6,the chair has no arm rests,train,test,train,test,"[1, 10, 2251, 24, 123, 517, 540, 2, 0, 0, 0, 0, 0, 0, 0, 0, 0, 0]"
user_2046,The target does not have legs,3IXEICO794C6JJ905DFJJB03YLGT6V,155,4e15234057b863dc659dda512294c744,chair,ShapeNet,part_2_removed_4e15234057b863dc659dda512294c744,chair,ShapeNet,FALSE,segmented_chair/part_2_removed/part_2_removed_4e15234057b863dc659dda512294c744,chair/ShapeNet/4e15234057b863dc659dda512294c744,FALSE,chair,chair,2,"['the', 'target', 'does', 'not', 'have', 'legs']",6,the target does not have legs,train,test,train,test,"[1, 10, 11, 39, 40, 84, 547, 2, 0, 0, 0, 0, 0, 0, 0, 0, 0, 0]"
user_1389,The target does not have arms,3I2PTA7R3VN0QI2XQDFPOPUYFGTQKP,50,4c668aab2c49f9ac9bf4d6e8e41d9e5b,chair,ShapeNet,part_3_removed_4c668aab2c49f9ac9bf4d6e8e41d9e5b,chair,ShapeNet,FALSE,segmented_chair/part_3_removed/part_3_removed_4c668aab2c49f9ac9bf4d6e8e41d9e5b,chair/ShapeNet/4c668aab2c49f9ac9bf4d6e8e41d9e5b,FALSE,chair,chair,3,"['the', 'target', 'does', 'not', 'have', 'arms']",6,the target does not have arms,train,test,train,test,"[1, 10, 11, 39, 40, 84, 2232, 2, 0, 0, 0, 0, 0, 0, 0, 0, 0, 0]"
user_354,It does not have a seat cushion,3OS46CRSLHSLWBDPA8FYKTOOV7H6VB,114,497f67c006770b9f94e98ee4fdfd7464,chair,ShapeNet,part_1_removed_497f67c006770b9f94e98ee4fdfd7464,chair,ShapeNet,FALSE,segmented_chair/part_1_removed/part_1_removed_497f67c006770b9f94e98ee4fdfd7464,chair/ShapeNet/497f67c006770b9f94e98ee4fdfd7464,TRUE,chair,chair,1,"['it', 'does', 'not', 'have', 'a', 'seat', 'cushion']",7,it does not have a seat cushion,train,test,train,test,"[1, 23, 39, 40, 84, 26, 2255, 2256, 2, 0, 0, 0, 0, 0, 0, 0, 0, 0]"
user_1123,There are no arm rests,3K9FOBBF2JCQ7R7NVLZ9ZVC8ZY7NLK,167,497f67c006770b9f94e98ee4fdfd7464,chair,ShapeNet,part_3_removed_497f67c006770b9f94e98ee4fdfd7464,chair,ShapeNet,FALSE,segmented_chair/part_3_removed/part_3_removed_497f67c006770b9f94e98ee4fdfd7464,chair/ShapeNet/497f67c006770b9f94e98ee4fdfd7464,TRUE,chair,chair,2,"['there', 'are', 'no', 'arm', 'rests']",5,there are no arm rests,train,test,train,test,"[1, 15, 16, 123, 517, 540, 2, 0, 0, 0, 0, 0, 0, 0, 0, 0, 0, 0]"
user_618,The chair has no arm support.,333U7HK6IB8BQPSA369TNBNMH46DJU,810,497f67c006770b9f94e98ee4fdfd7464,chair,ShapeNet,part_3_removed_497f67c006770b9f94e98ee4fdfd7464,chair,ShapeNet,FALSE,segmented_chair/part_3_removed/part_3_removed_497f67c006770b9f94e98ee4fdfd7464,chair/ShapeNet/497f67c006770b9f94e98ee4fdfd7464,FALSE,chair,chair,3,"['the', 'chair', 'has', 'no', 'arm', 'support']",6,the chair has no arm support,train,test,train,test,"[1, 10, 2251, 24, 123, 517, 843, 2, 0, 0, 0, 0, 0, 0, 0, 0, 0, 0]"
user_1740,It has no arms.,3ON104KXQMPKWD9GHURF9XNO6N8W4H,55,482afdc2ddc5546f764d42eddc669b23,chair,ShapeNet,part_3_removed_482afdc2ddc5546f764d42eddc669b23,chair,ShapeNet,FALSE,segmented_chair/part_3_removed/part_3_removed_482afdc2ddc5546f764d42eddc669b23,chair/ShapeNet/482afdc2ddc5546f764d42eddc669b23,FALSE,chair,chair,1,"['it', 'has', 'no', 'arms']",4,it has no arms,train,test,train,test,"[1, 23, 24, 123, 2232, 2, 0, 0, 0, 0, 0, 0, 0, 0, 0, 0, 0, 0]"
user_591,There are no armrests,3OCHAWUVGQDKZF39CRAHIXQRC9VKXB,147,47cd848a5584867b1e8791c225564ae0,chair,ShapeNet,part_3_removed_47cd848a5584867b1e8791c225564ae0,chair,ShapeNet,FALSE,segmented_chair/part_3_removed/part_3_removed_47cd848a5584867b1e8791c225564ae0,chair/ShapeNet/47cd848a5584867b1e8791c225564ae0,FALSE,chair,chair,0,"['there', 'are', 'no', 'armrests']",4,there are no armrests,train,test,train,test,"[1, 15, 16, 123, 2271, 2, 0, 0, 0, 0, 0, 0, 0, 0, 0, 0, 0, 0]"
user_1546,It does not have arms,3DR23U6WE77AWY2FBVYHVZSGFGRETI,72,46363a10e242999c69d8d5b35c38db0d,chair,ShapeNet,part_3_removed_46363a10e242999c69d8d5b35c38db0d,chair,ShapeNet,FALSE,segmented_chair/part_3_removed/part_3_removed_46363a10e242999c69d8d5b35c38db0d,chair/ShapeNet/46363a10e242999c69d8d5b35c38db0d,TRUE,chair,chair,1,"['it', 'does', 'not', 'have', 'arms']",5,it does not have arms,train,test,train,test,"[1, 23, 39, 40, 84, 2232, 2, 0, 0, 0, 0, 0, 0, 0, 0, 0, 0, 0]"
user_1389,The target does not have legs that connect to the arms,3SB4CE2TJXOEN2UN00XSOJNV7WBAXU,93,46363a10e242999c69d8d5b35c38db0d,chair,ShapeNet,part_2_removed_46363a10e242999c69d8d5b35c38db0d,chair,ShapeNet,FALSE,segmented_chair/part_2_removed/part_2_removed_46363a10e242999c69d8d5b35c38db0d,chair/ShapeNet/46363a10e242999c69d8d5b35c38db0d,FALSE,chair,chair,4,"['the', 'target', 'does', 'not', 'have', 'legs', 'that', 'connect', 'to', 'the', 'arms']",11,the target does not have legs that connect to the arms,train,test,train,test,"[1, 10, 11, 39, 40, 84, 547, 172, 392, 58, 10, 2232, 2, 0, 0, 0, 0, 0]"
user_757,there are no armrests,3NQL1CS15T1NFVNVGRAQ3K8HUI5YV0,63,4610136087e41261f1d6726679b21945,chair,ShapeNet,part_3_removed_4610136087e41261f1d6726679b21945,chair,ShapeNet,FALSE,segmented_chair/part_3_removed/part_3_removed_4610136087e41261f1d6726679b21945,chair/ShapeNet/4610136087e41261f1d6726679b21945,FALSE,chair,chair,3,"['there', 'are', 'no', 'armrests']",4,there are no armrests,train,test,train,test,"[1, 15, 16, 123, 2271, 2, 0, 0, 0, 0, 0, 0, 0, 0, 0, 0, 0, 0]"
user_203,It does not have a base.,3I7DHKZYGPT0HARL5A0PA171VG05F2,69,45fcbb7812f0c9e729426a0f57e4d15e,lamp,ShapeNet,part_0_removed_45fcbb7812f0c9e729426a0f57e4d15e,lamp,ShapeNet,FALSE,segmented_lamp/part_0_removed/part_0_removed_45fcbb7812f0c9e729426a0f57e4d15e,lamp/ShapeNet/45fcbb7812f0c9e729426a0f57e4d15e,FALSE,lamp,lamp,1,"['it', 'does', 'not', 'have', 'a', 'base']",6,it does not have a base,train,test,train,test,"[1, 23, 39, 40, 84, 26, 103, 2, 0, 0, 0, 0, 0, 0, 0, 0, 0, 0]"
user_1297,the chair has no arms,3M0BCWMB8XP4HCUPW912HBTUGL7WBH,135,450cd2f81b38b6fc7ec728abdd798547,chair,ShapeNet,part_3_removed_450cd2f81b38b6fc7ec728abdd798547,chair,ShapeNet,FALSE,segmented_chair/part_3_removed/part_3_removed_450cd2f81b38b6fc7ec728abdd798547,chair/ShapeNet/450cd2f81b38b6fc7ec728abdd798547,FALSE,chair,chair,1,"['the', 'chair', 'has', 'no', 'arms']",5,the chair has no arms,train,test,train,test,"[1, 10, 2251, 24, 123, 2232, 2, 0, 0, 0, 0, 0, 0, 0, 0, 0, 0, 0]"
user_251,There are no arm rests,3V5Q80FXIZKD21S53WXPBLFTOGN32R,49,4179c276ee8dacfc8cbd400aa99bee96,chair,ShapeNet,part_3_removed_4179c276ee8dacfc8cbd400aa99bee96,chair,ShapeNet,FALSE,segmented_chair/part_3_removed/part_3_removed_4179c276ee8dacfc8cbd400aa99bee96,chair/ShapeNet/4179c276ee8dacfc8cbd400aa99bee96,FALSE,chair,chair,0,"['there', 'are', 'no', 'arm', 'rests']",5,there are no arm rests,train,test,train,test,"[1, 15, 16, 123, 517, 540, 2, 0, 0, 0, 0, 0, 0, 0, 0, 0, 0, 0]"
user_354,It has no armrests,3CP1TO84PVUGGGF9HFLIQIDD28P25J,47,40f1e0c4aa317c4d492d9da2668ec34c,chair,ShapeNet,part_3_removed_40f1e0c4aa317c4d492d9da2668ec34c,chair,ShapeNet,FALSE,segmented_chair/part_3_removed/part_3_removed_40f1e0c4aa317c4d492d9da2668ec34c,chair/ShapeNet/40f1e0c4aa317c4d492d9da2668ec34c,FALSE,chair,chair,3,"['it', 'has', 'no', 'armrests']",4,it has no armrests,test,test,test,test,"[1, 23, 24, 123, 2271, 2, 0, 0, 0, 0, 0, 0, 0, 0, 0, 0, 0, 0]"
user_1712,it does not have arms,3U5NZHP4LTVOOG0AKFX3BSOWI0KPH4,76,3d57e65ff4cc42df70a7748e958c62a2,chair,ShapeNet,part_3_removed_3d57e65ff4cc42df70a7748e958c62a2,chair,ShapeNet,FALSE,segmented_chair/part_3_removed/part_3_removed_3d57e65ff4cc42df70a7748e958c62a2,chair/ShapeNet/3d57e65ff4cc42df70a7748e958c62a2,FALSE,chair,chair,2,"['it', 'does', 'not', 'have', 'arms']",5,it does not have arms,train,test,train,test,"[1, 23, 39, 40, 84, 2232, 2, 0, 0, 0, 0, 0, 0, 0, 0, 0, 0, 0]"
user_1885,One end of it has no arm,3QECW5O0KJUA0F9M0U5ER5M32RI5T6,94,3c786ff99885e95c685d4893e4ba8951,chair,ShapeNet,part_3_removed_3c786ff99885e95c685d4893e4ba8951,chair,ShapeNet,FALSE,segmented_chair/part_3_removed/part_3_removed_3c786ff99885e95c685d4893e4ba8951,chair/ShapeNet/3c786ff99885e95c685d4893e4ba8951,TRUE,chair,chair,3,"['one', 'end', 'of', 'it', 'has', 'no', 'arm']",7,one end of it has no arm,train,test,train,test,"[1, 19, 74, 38, 23, 24, 123, 517, 2, 0, 0, 0, 0, 0, 0, 0, 0, 0]"
user_952,it does NOT have a shade shaped like a peanut.,3KB8R4ZV1G08KQ4PH4XKV8756Y0BG0,49,39fcaf51940333b46ab88e9b8b75d248,lamp,ShapeNet,part_1_removed_39fcaf51940333b46ab88e9b8b75d248,lamp,ShapeNet,FALSE,segmented_lamp/part_1_removed/part_1_removed_39fcaf51940333b46ab88e9b8b75d248,lamp/ShapeNet/39fcaf51940333b46ab88e9b8b75d248,FALSE,lamp,lamp,0,"['it', 'does', 'not', 'have', 'a', 'shade', 'shaped', 'like', 'a', 'peanut']",10,it does not have a shade shaped like a peanut,train,test,train,test,"[1, 23, 39, 40, 84, 26, 1873, 14, 35, 26, 1911, 2, 0, 0, 0, 0, 0, 0]"
user_405,There are no arm rests.,3ATPCQ38JA33N7KX5WJU7XU497XAY2,65,36bfb3be47fd957e543087eec55f714,chair,ShapeNet,part_3_removed_36bfb3be47fd957e543087eec55f714,chair,ModelNet,TRUE,segmented_chair/part_3_removed/part_3_removed_36bfb3be47fd957e543087eec55f714,chair/ShapeNet/36bfb3be47fd957e543087eec55f714,FALSE,chair,chair,4,"['there', 'are', 'no', 'arm', 'rests']",5,there are no arm rests,val,test,val,test,"[1, 15, 16, 123, 517, 540, 2, 0, 0, 0, 0, 0, 0, 0, 0, 0, 0, 0]"
user_203,It does not have a base.,3ZGVPD4G6VA87TTB7ICUG9TYT65TZ2,45,366a93bce1f6f524eaf14273fa406ffc,lamp,ShapeNet,part_0_removed_366a93bce1f6f524eaf14273fa406ffc,lamp,ShapeNet,FALSE,segmented_lamp/part_0_removed/part_0_removed_366a93bce1f6f524eaf14273fa406ffc,lamp/ShapeNet/366a93bce1f6f524eaf14273fa406ffc,TRUE,lamp,lamp,2,"['it', 'does', 'not', 'have', 'a', 'base']",6,it does not have a base,train,test,train,test,"[1, 23, 39, 40, 84, 26, 103, 2, 0, 0, 0, 0, 0, 0, 0, 0, 0, 0]"
user_1644,The chair does not have a back.,384PI804XUUAQ8A6EOUC05UQJYB0S5,48,35053caa62eea36c116cc4e115d5fd2,chair,ShapeNet,part_0_removed_35053caa62eea36c116cc4e115d5fd2,chair,ShapeNet,FALSE,segmented_chair/part_0_removed/part_0_removed_35053caa62eea36c116cc4e115d5fd2,chair/ShapeNet/35053caa62eea36c116cc4e115d5fd2,TRUE,chair,chair,3,"['the', 'chair', 'does', 'not', 'have', 'a', 'back']",7,the chair does not have a back,train,test,train,test,"[1, 10, 2251, 39, 40, 84, 26, 183, 2, 0, 0, 0, 0, 0, 0, 0, 0, 0]"
user_1128,it has no arms,32SVAV9L3H2274N9GBQ4H3YR08EA3C,92,34722e50142652e53a5e6305a3a7adee,chair,ShapeNet,part_3_removed_34722e50142652e53a5e6305a3a7adee,chair,ShapeNet,FALSE,segmented_chair/part_3_removed/part_3_removed_34722e50142652e53a5e6305a3a7adee,chair/ShapeNet/34722e50142652e53a5e6305a3a7adee,FALSE,chair,chair,2,"['it', 'has', 'no', 'arms']",4,it has no arms,train,test,train,test,"[1, 23, 24, 123, 2232, 2, 0, 0, 0, 0, 0, 0, 0, 0, 0, 0, 0, 0]"
user_238,The target does not have legs.,3GDTJDAPVW4PA224PVB5HB12ACV8MO,164,3427d2276fb713e5864c004309dc898d,chair,ShapeNet,part_2_removed_3427d2276fb713e5864c004309dc898d,chair,ShapeNet,FALSE,segmented_chair/part_2_removed/part_2_removed_3427d2276fb713e5864c004309dc898d,chair/ShapeNet/3427d2276fb713e5864c004309dc898d,FALSE,chair,chair,0,"['the', 'target', 'does', 'not', 'have', 'legs']",6,the target does not have legs,train,test,train,test,"[1, 10, 11, 39, 40, 84, 547, 2, 0, 0, 0, 0, 0, 0, 0, 0, 0, 0]"
user_2044,It does not have arms,3JPSL1DZ5US9B8GJYUAJQHWX5RMAND,77,3427d2276fb713e5864c004309dc898d,chair,ShapeNet,part_3_removed_3427d2276fb713e5864c004309dc898d,chair,ShapeNet,FALSE,segmented_chair/part_3_removed/part_3_removed_3427d2276fb713e5864c004309dc898d,chair/ShapeNet/3427d2276fb713e5864c004309dc898d,FALSE,chair,chair,3,"['it', 'does', 'not', 'have', 'arms']",5,it does not have arms,train,test,train,test,"[1, 23, 39, 40, 84, 2232, 2, 0, 0, 0, 0, 0, 0, 0, 0, 0, 0, 0]"
user_1633,The target has no arm rests.,373ERPL3YQ1Z527KX1IHU6RZU12RTL,58,34108b791e6bc4ec1bb7158ebaf7e1c8,chair,ShapeNet,part_3_removed_34108b791e6bc4ec1bb7158ebaf7e1c8,chair,ShapeNet,FALSE,segmented_chair/part_3_removed/part_3_removed_34108b791e6bc4ec1bb7158ebaf7e1c8,chair/ShapeNet/34108b791e6bc4ec1bb7158ebaf7e1c8,FALSE,chair,chair,3,"['the', 'target', 'has', 'no', 'arm', 'rests']",6,the target has no arm rests,train,test,train,test,"[1, 10, 11, 24, 123, 517, 540, 2, 0, 0, 0, 0, 0, 0, 0, 0, 0, 0]"
user_442,It does not have arms,3I0BTBYZAZE7MUMFDUM1IRIR0OE0Y0,62,33319915ae51cbf33542091189dc62b5,chair,ShapeNet,part_3_removed_33319915ae51cbf33542091189dc62b5,chair,ShapeNet,FALSE,segmented_chair/part_3_removed/part_3_removed_33319915ae51cbf33542091189dc62b5,chair/ShapeNet/33319915ae51cbf33542091189dc62b5,FALSE,chair,chair,2,"['it', 'does', 'not', 'have', 'arms']",5,it does not have arms,train,test,train,test,"[1, 23, 39, 40, 84, 2232, 2, 0, 0, 0, 0, 0, 0, 0, 0, 0, 0, 0]"
user_745,no armrests,3WRFBPLXRCH9RNHYPFV939IRZA93NB,80,330d08738230faf0bc78bb6f3ca89e4c,chair,ShapeNet,part_3_removed_330d08738230faf0bc78bb6f3ca89e4c,chair,ShapeNet,FALSE,segmented_chair/part_3_removed/part_3_removed_330d08738230faf0bc78bb6f3ca89e4c,chair/ShapeNet/330d08738230faf0bc78bb6f3ca89e4c,FALSE,chair,chair,4,"['no', 'armrests']",2,no armrests,train,test,train,test,"[1, 123, 2271, 2, 0, 0, 0, 0, 0, 0, 0, 0, 0, 0, 0, 0, 0, 0]"
user_182,There are no arms,31Q0U3WYDR8OEZBWM401JJH419E17Q,75,325f9ca506317aeff2c0658ad22a9a9b,chair,ShapeNet,part_3_removed_325f9ca506317aeff2c0658ad22a9a9b,chair,ShapeNet,FALSE,segmented_chair/part_3_removed/part_3_removed_325f9ca506317aeff2c0658ad22a9a9b,chair/ShapeNet/325f9ca506317aeff2c0658ad22a9a9b,FALSE,chair,chair,0,"['there', 'are', 'no', 'arms']",4,there are no arms,train,test,train,test,"[1, 15, 16, 123, 2232, 2, 0, 0, 0, 0, 0, 0, 0, 0, 0, 0, 0, 0]"
user_1644,It does not have arms.,3RGU30DZTC1EUJYNGZ8W61AGQMYMJT,42,3010d6ca1b1e8ce3bf54ca9b2f215141,chair,ShapeNet,part_3_removed_3010d6ca1b1e8ce3bf54ca9b2f215141,chair,ModelNet,FALSE,segmented_chair/part_3_removed/part_3_removed_3010d6ca1b1e8ce3bf54ca9b2f215141,chair/ShapeNet/3010d6ca1b1e8ce3bf54ca9b2f215141,FALSE,chair,chair,0,"['it', 'does', 'not', 'have', 'arms']",5,it does not have arms,train,test,train,test,"[1, 23, 39, 40, 84, 2232, 2, 0, 0, 0, 0, 0, 0, 0, 0, 0, 0, 0]"
user_182,there are no arms,3JMSRU9HQKNP9Q64GQYWWHG1C68VEQ,26,2c149e5ab744616f60ac8f16dfbc3b59,chair,ShapeNet,part_3_removed_2c149e5ab744616f60ac8f16dfbc3b59,chair,ShapeNet,FALSE,segmented_chair/part_3_removed/part_3_removed_2c149e5ab744616f60ac8f16dfbc3b59,chair/ShapeNet/2c149e5ab744616f60ac8f16dfbc3b59,FALSE,chair,chair,1,"['there', 'are', 'no', 'arms']",4,there are no arms,train,test,train,test,"[1, 15, 16, 123, 2232, 2, 0, 0, 0, 0, 0, 0, 0, 0, 0, 0, 0, 0]"
user_1033,No arm support,3EWIJTFFVQ09GP5ODTA7BOQBI8Z0E3,203,2bf05f8a84f0a6f33002761e7a3ba3bd,chair,ShapeNet,part_3_removed_2bf05f8a84f0a6f33002761e7a3ba3bd,chair,ShapeNet,FALSE,segmented_chair/part_3_removed/part_3_removed_2bf05f8a84f0a6f33002761e7a3ba3bd,chair/ShapeNet/2bf05f8a84f0a6f33002761e7a3ba3bd,FALSE,chair,chair,4,"['no', 'arm', 'support']",3,no arm support,train,test,train,test,"[1, 123, 517, 843, 2, 0, 0, 0, 0, 0, 0, 0, 0, 0, 0, 0, 0, 0]"
user_704,It does not have legs.,3BXQMRHWK1RN8Z9HSYCAD3JQRYAUML,96,28210d460a79e323322123314d92e1d,lamp,ShapeNet,part_0_removed_28210d460a79e323322123314d92e1d,lamp,ShapeNet,FALSE,segmented_lamp/part_0_removed/part_0_removed_28210d460a79e323322123314d92e1d,lamp/ShapeNet/28210d460a79e323322123314d92e1d,FALSE,lamp,lamp,1,"['it', 'does', 'not', 'have', 'legs']",5,it does not have legs,train,test,train,test,"[1, 23, 39, 40, 84, 547, 2, 0, 0, 0, 0, 0, 0, 0, 0, 0, 0, 0]"
user_203,It does not have a canopy.,354GIDR5ZDZAPZQU5MBSQZO68EL009,59,26e6dc505f376ceee6597d391ab6fcc1,lamp,ShapeNet,part_2_removed_26e6dc505f376ceee6597d391ab6fcc1,lamp,ShapeNet,FALSE,segmented_lamp/part_2_removed/part_2_removed_26e6dc505f376ceee6597d391ab6fcc1,lamp/ShapeNet/26e6dc505f376ceee6597d391ab6fcc1,TRUE,lamp,lamp,1,"['it', 'does', 'not', 'have', 'a', 'canopy']",6,it does not have a canopy,train,test,train,test,"[1, 23, 39, 40, 84, 26, 1113, 2, 0, 0, 0, 0, 0, 0, 0, 0, 0, 0]"
user_626,the lamp does not have a base,30H4UDGLT4BAGU1LBCDG3XWSPZWPM6,66,1a48f00729981afbc01ff6a6aade8d2,lamp,ShapeNet,part_0_removed_1a48f00729981afbc01ff6a6aade8d2,lamp,ShapeNet,FALSE,segmented_lamp/part_0_removed/part_0_removed_1a48f00729981afbc01ff6a6aade8d2,lamp/ShapeNet/1a48f00729981afbc01ff6a6aade8d2,FALSE,lamp,lamp,3,"['the', 'lamp', 'does', 'not', 'have', 'a', 'base']",7,the lamp does not have a base,train,test,train,test,"[1, 10, 295, 39, 40, 84, 26, 103, 2, 0, 0, 0, 0, 0, 0, 0, 0, 0]"
user_1483,the chair has no arms,3NL0RFNU0HGT1DFZSG8CLMTTJCH4K3,92,124ef426dfa0aa38ff6069724068a578,chair,ShapeNet,part_3_removed_124ef426dfa0aa38ff6069724068a578,chair,ShapeNet,FALSE,segmented_chair/part_3_removed/part_3_removed_124ef426dfa0aa38ff6069724068a578,chair/ShapeNet/124ef426dfa0aa38ff6069724068a578,TRUE,chair,chair,3,"['the', 'chair', 'has', 'no', 'arms']",5,the chair has no arms,train,test,train,test,"[1, 10, 2251, 24, 123, 2232, 2, 0, 0, 0, 0, 0, 0, 0, 0, 0, 0, 0]"